league,season,team,player,nation,pos,age,born,Playing Time,Playing Time,Playing Time,Playing Time,Performance,Performance,Performance,Performance,Performance,Performance,Performance,Performance,Per 90 Minutes,Per 90 Minutes,Per 90 Minutes,Per 90 Minutes,Per 90 Minutes
,,,,,,,,MP,Starts,Min,90s,Gls,Ast,G+A,G-PK,PK,PKatt,CrdY,CrdR,Gls,Ast,G+A,G-PK,G+A-PK
Ligue1,2425,Angers,Abdoulaye Bamba,CIV,DF,34,1990,19,16,1510,16.8,0,0,0,0,0,0,2,0,0.0,0.0,0.0,0.0,0.0
Ligue1,2425,Angers,Bamba Dieng,SEN,FW,24,2000,18,5,532,5.9,3,0,3,2,1,1,1,0,0.51,0.0,0.51,0.34,0.34
Ligue1,2425,Angers,Carlens Arcus,HAI,DF,28,1996,28,25,2047,22.7,0,1,1,0,0,0,3,0,0.0,0.04,0.04,0.0,0.04
Ligue1,2425,Angers,Cédric Hountondji,BEN,DF,30,1994,3,3,270,3.0,0,0,0,0,0,0,0,0,0.0,0.0,0.0,0.0,0.0
Ligue1,2425,Angers,Emmanuel Biumla,FRA,DF,19,2005,17,15,1336,14.8,1,0,1,1,0,0,2,0,0.07,0.0,0.07,0.07,0.07
Ligue1,2425,Angers,Enzo Caumont,FRA,MF,20,2004,2,0,34,0.4,0,0,0,0,0,0,1,0,0.0,0.0,0.0,0.0,0.0
Ligue1,2425,Angers,Esteban Lepaul,FRA,FW,24,2000,28,18,1629,18.1,9,0,9,9,0,0,2,0,0.5,0.0,0.5,0.5,0.5
Ligue1,2425,Angers,Farid El Melali,ALG,"MF,FW",27,1997,32,22,1893,21.0,2,3,5,2,0,0,1,0,0.1,0.14,0.24,0.1,0.24
Ligue1,2425,Angers,Florent Hanin,ALG,DF,34,1990,33,31,2672,29.7,1,2,3,1,0,0,2,0,0.03,0.07,0.1,0.03,0.1
Ligue1,2425,Angers,Haris Belkebla,ALG,MF,30,1994,22,21,1792,19.9,0,1,1,0,0,0,1,0,0.0,0.05,0.05,0.0,0.05
Ligue1,2425,Angers,Himad Abdelli,ALG,MF,24,1999,32,32,2842,31.6,6,1,7,3,3,4,4,0,0.19,0.03,0.22,0.1,0.13
Ligue1,2425,Angers,Ibrahima Niane,SEN,FW,25,1999,24,8,943,10.5,3,1,4,2,1,1,0,0,0.29,0.1,0.38,0.19,0.29
Ligue1,2425,Angers,Jacques Ekomie,GAB,"DF,MF",20,2003,18,7,697,7.7,0,0,0,0,0,0,1,0,0.0,0.0,0.0,0.0,0.0
Ligue1,2425,Angers,Jean-Eudes Aholou,CIV,MF,30,1994,26,26,1959,21.8,2,0,2,2,0,0,7,0,0.09,0.0,0.09,0.09,0.09
Ligue1,2425,Angers,Jim Allevinah,GAB,MF,29,1995,28,23,1750,19.4,1,3,4,1,0,0,3,0,0.05,0.15,0.21,0.05,0.21
Ligue1,2425,Angers,Jordan Lefort,MTN,DF,30,1993,34,34,3060,34.0,0,1,1,0,0,0,3,0,0.0,0.03,0.03,0.0,0.03
Ligue1,2425,Angers,Justin-Noël Kalumba,FRA,FW,19,2004,2,0,31,0.3,0,0,0,0,0,0,0,0,0.0,0.0,0.0,0.0,0.0
Ligue1,2425,Angers,Lanroy Machine,FRA,MF,18,2005,2,0,8,0.1,0,0,0,0,0,0,0,0,0.0,0.0,0.0,0.0,0.0
Ligue1,2425,Angers,Lilian Raolisoa,FRA,"DF,MF",24,2000,29,14,1318,14.6,0,3,3,0,0,0,1,2,0.0,0.2,0.2,0.0,0.2
Ligue1,2425,Angers,Lois Diony,FRA,FW,31,1992,1,0,21,0.2,0,0,0,0,0,0,0,0,0.0,0.0,0.0,0.0,0.0
Ligue1,2425,Angers,Marius Courcoul,FRA,MF,17,2007,8,3,309,3.4,0,0,0,0,0,0,0,0,0.0,0.0,0.0,0.0,0.0
Ligue1,2425,Angers,Melvin Zinga,FRA,GK,22,2002,1,1,90,1.0,0,0,0,0,0,0,0,0,0.0,0.0,0.0,0.0,0.0
Ligue1,2425,Angers,Ousmane Camara,MLI,DF,21,2003,3,3,252,2.8,0,0,0,0,0,0,1,0,0.0,0.0,0.0,0.0,0.0
Ligue1,2425,Angers,Pierrick Capelle,FRA,MF,37,1987,16,3,483,5.4,0,0,0,0,0,0,4,0,0.0,0.0,0.0,0.0,0.0
Ligue1,2425,Angers,Prosper Peter,NGA,FW,16,2007,2,0,27,0.3,0,0,0,0,0,0,0,0,0.0,0.0,0.0,0.0,0.0
Ligue1,2425,Angers,Sidiki Cherif,FRA,FW,17,2006,7,3,324,3.6,0,0,0,0,0,0,0,0,0.0,0.0,0.0,0.0,0.0
Ligue1,2425,Angers,Yahia Fofana,CIV,GK,23,2000,33,33,2970,33.0,0,0,0,0,0,0,4,0,0.0,0.0,0.0,0.0,0.0
Ligue1,2425,Angers,Yassin Belkhdim,FRA,MF,22,2002,29,16,1523,16.9,1,1,2,1,0,0,4,0,0.06,0.06,0.12,0.06,0.12
Ligue1,2425,Angers,Zinedine Ferhat,ALG,MF,31,1993,24,8,849,9.4,2,0,2,2,0,0,1,0,0.21,0.0,0.21,0.21,0.21
Ligue1,2425,Angers,Zinédine Ould Khaled,FRA,MF,24,2000,10,4,343,3.8,0,0,0,0,0,0,1,0,0.0,0.0,0.0,0.0,0.0
Ligue1,2425,Auxerre,Ado Onaiwu,JPN,"MF,FW",28,1995,31,9,957,10.6,4,1,5,4,0,0,1,1,0.38,0.09,0.47,0.38,0.47
Ligue1,2425,Auxerre,Aristide Zossou,CIV,MF,19,2005,3,0,16,0.2,0,0,0,0,0,0,0,0,0.0,0.0,0.0,0.0,0.0
Ligue1,2425,Auxerre,Assane Dioussé,SEN,MF,26,1997,17,7,663,7.4,0,0,0,0,0,0,1,0,0.0,0.0,0.0,0.0,0.0
Ligue1,2425,Auxerre,Ben Viadere,FRA,FW,18,2005,1,0,5,0.1,0,0,0,0,0,0,0,0,0.0,0.0,0.0,0.0,0.0
Ligue1,2425,Auxerre,Clément Akpa,CIV,DF,22,2001,31,29,2486,27.6,0,1,1,0,0,0,7,0,0.0,0.04,0.04,0.0,0.04
Ligue1,2425,Auxerre,Donovan Léon,GUF,GK,31,1992,32,32,2880,32.0,0,2,2,0,0,0,4,0,0.0,0.06,0.06,0.0,0.06
Ligue1,2425,Auxerre,Elisha Owusu,GHA,MF,26,1997,28,28,2344,26.0,1,3,4,1,0,0,7,0,0.04,0.12,0.15,0.04,0.15
Ligue1,2425,Auxerre,Eros Maddy,NED,"FW,MF",23,2001,2,0,15,0.2,0,0,0,0,0,0,1,0,0.0,0.0,0.0,0.0,0.0
Ligue1,2425,Auxerre,Florian Ayé,FRA,FW,27,1997,26,4,575,6.4,2,0,2,2,0,0,0,0,0.31,0.0,0.31,0.31,0.31
Ligue1,2425,Auxerre,Fredrik Oppegard,NOR,"MF,DF",21,2002,9,2,273,3.0,0,0,0,0,0,0,0,0,0.0,0.0,0.0,0.0,0.0
Ligue1,2425,Auxerre,Gabriel Osho,NGA,DF,25,1998,20,20,1654,18.4,1,0,1,1,0,0,1,1,0.05,0.0,0.05,0.05,0.05
Ligue1,2425,Auxerre,Gaëtan Perrin,FRA,MF,28,1996,34,31,2691,29.9,10,11,21,10,0,0,2,0,0.33,0.37,0.7,0.33,0.7
Ligue1,2425,Auxerre,Gideon Mensah,GHA,"DF,MF",26,1998,29,26,2280,25.3,0,1,1,0,0,0,2,0,0.0,0.04,0.04,0.0,0.04
Ligue1,2425,Auxerre,Hamed Junior Traorè,CIV,MF,24,2000,26,26,2093,23.3,10,2,12,10,0,0,5,0,0.43,0.09,0.52,0.43,0.52
Ligue1,2425,Auxerre,Han-Noah Massengo,FRA,MF,23,2001,17,11,1046,11.6,0,0,0,0,0,0,5,0,0.0,0.0,0.0,0.0,0.0
Ligue1,2425,Auxerre,Jubal,BRA,DF,30,1993,30,30,2640,29.3,6,0,6,3,3,4,7,0,0.2,0.0,0.2,0.1,0.1
Ligue1,2425,Auxerre,Ki-Jana Hoever,NED,"DF,MF",22,2002,30,26,2124,23.6,1,2,3,1,0,0,4,1,0.04,0.08,0.13,0.04,0.13
Ligue1,2425,Auxerre,Kévin Danois,FRA,MF,20,2004,22,16,1460,16.2,0,0,0,0,0,0,1,0,0.0,0.0,0.0,0.0,0.0
Ligue1,2425,Auxerre,Lassine Sinayoko,MLI,"FW,MF",24,1999,34,25,2299,25.5,5,8,13,4,1,1,5,0,0.2,0.31,0.51,0.16,0.47
Ligue1,2425,Auxerre,Lasso Coulibaly,CIV,MF,21,2002,3,0,45,0.5,1,0,1,1,0,0,0,0,2.0,0.0,2.0,2.0,2.0
Ligue1,2425,Auxerre,Loïc N'Gatta,FRA,DF,20,2003,2,0,13,0.1,0,0,0,0,0,0,1,0,0.0,0.0,0.0,0.0,0.0
Ligue1,2425,Auxerre,Paul Joly,FRA,"DF,MF",24,2000,26,10,1009,11.2,0,1,1,0,0,0,3,1,0.0,0.09,0.09,0.0,0.09
Ligue1,2425,Auxerre,Rayan Raveloson,MAD,"MF,DF",27,1997,13,7,724,8.0,1,0,1,1,0,0,3,0,0.12,0.0,0.12,0.12,0.12
Ligue1,2425,Auxerre,Rudy Matondo,FRA,MF,16,2008,5,0,66,0.7,0,0,0,0,0,0,1,0,0.0,0.0,0.0,0.0,0.0
Ligue1,2425,Auxerre,Sinaly Diomande,CIV,DF,23,2001,23,22,1945,21.6,3,2,5,3,0,0,6,0,0.14,0.09,0.23,0.14,0.23
Ligue1,2425,Auxerre,Theo Bair,CAN,FW,24,1999,29,11,939,10.4,2,1,3,2,0,0,1,0,0.19,0.1,0.29,0.19,0.29
Ligue1,2425,Auxerre,Théo De Percin,MTQ,GK,23,2001,2,2,180,2.0,0,0,0,0,0,0,0,0,0.0,0.0,0.0,0.0,0.0
Ligue1,2425,Auxerre,Théo Pellenard,FRA,DF,30,1994,2,0,45,0.5,0,0,0,0,0,0,0,0,0.0,0.0,0.0,0.0,0.0
Ligue1,2425,Auxerre,Yoann Cissé,FRA,MF,19,2004,2,0,5,0.1,0,0,0,0,0,0,0,0,0.0,0.0,0.0,0.0,0.0
Ligue1,2425,Brest,Abdallah Sima,SEN,"FW,MF",23,2001,27,14,1238,13.8,7,2,9,7,0,0,2,0,0.51,0.15,0.65,0.51,0.65
Ligue1,2425,Brest,Abdoulaye Niakhate Ndiaye,SEN,DF,22,2002,22,19,1707,19.0,1,0,1,1,0,0,4,1,0.05,0.0,0.05,0.05,0.05
Ligue1,2425,Brest,Axel Camblan,FRA,FW,20,2003,2,0,26,0.3,0,0,0,0,0,0,0,0,0.0,0.0,0.0,0.0,0.0
Ligue1,2425,Brest,Bradley Locko,FRA,DF,22,2002,2,1,97,1.1,0,0,0,0,0,0,1,0,0.0,0.0,0.0,0.0,0.0
Ligue1,2425,Brest,Brendan Chardonnet,FRA,DF,29,1994,27,27,2416,26.8,1,0,1,1,0,0,6,0,0.04,0.0,0.04,0.04,0.04
Ligue1,2425,Brest,Edimilson Fernandes,SUI,"MF,DF",28,1996,19,12,1105,12.3,0,1,1,0,0,0,1,0,0.0,0.08,0.08,0.0,0.08
Ligue1,2425,Brest,Grégoire Coudert,FRA,GK,25,1999,2,2,180,2.0,0,0,0,0,0,0,0,0,0.0,0.0,0.0,0.0,0.0
Ligue1,2425,Brest,Hamidou Makalou,MLI,MF,18,2006,4,0,32,0.4,0,0,0,0,0,0,0,0,0.0,0.0,0.0,0.0,0.0
Ligue1,2425,Brest,Hianga'a Mbock,FRA,MF,24,1999,1,0,21,0.2,0,0,0,0,0,0,0,0,0.0,0.0,0.0,0.0,0.0
Ligue1,2425,Brest,Hugo Magnetti,FRA,MF,26,1998,32,27,2323,25.8,1,0,1,1,0,0,5,0,0.04,0.0,0.04,0.04,0.04
Ligue1,2425,Brest,Ibrahim Salah,MAR,"MF,FW",22,2001,12,4,358,4.0,1,1,2,1,0,0,0,0,0.25,0.25,0.5,0.25,0.5
Ligue1,2425,Brest,Jonas Martin,FRA,MF,34,1990,17,5,496,5.5,1,0,1,1,0,0,2,0,0.18,0.0,0.18,0.18,0.18
Ligue1,2425,Brest,Jordan Amavi,FRA,DF,30,1994,11,8,790,8.8,0,0,0,0,0,0,2,0,0.0,0.0,0.0,0.0,0.0
Ligue1,2425,Brest,Julien Le Cardinal,FRA,DF,26,1997,16,15,1378,15.3,0,1,1,0,0,0,3,0,0.0,0.07,0.07,0.0,0.07
Ligue1,2425,Brest,Justin Bourgault,FRA,DF,18,2005,2,2,122,1.4,1,0,1,1,0,0,0,0,0.74,0.0,0.74,0.74,0.74
Ligue1,2425,Brest,Jérémy Le Douaron,FRA,FW,26,1998,2,1,102,1.1,0,0,0,0,0,0,0,0,0.0,0.0,0.0,0.0,0.0
Ligue1,2425,Brest,Kamory Doumbia,MLI,"MF,FW",21,2003,30,13,1322,14.7,3,2,5,3,0,0,1,0,0.2,0.14,0.34,0.2,0.34
Ligue1,2425,Brest,Kenny Lala,MAD,DF,32,1991,30,29,2686,29.8,3,2,5,0,3,3,5,0,0.1,0.07,0.17,0.0,0.07
Ligue1,2425,Brest,Luck Zogbé,CIV,DF,19,2005,13,7,638,7.1,0,0,0,0,0,0,2,0,0.0,0.0,0.0,0.0,0.0
Ligue1,2425,Brest,Ludovic Ajorque,FRA,FW,30,1994,31,29,2495,27.7,13,2,15,13,0,1,5,0,0.47,0.07,0.54,0.47,0.54
Ligue1,2425,Brest,Mahdi Camara,FRA,MF,26,1998,34,31,2659,29.5,5,3,8,5,0,0,5,0,0.17,0.1,0.27,0.17,0.27
Ligue1,2425,Brest,Mama Samba Baldé,GNB,"FW,MF",28,1995,27,12,1149,12.8,2,3,5,2,0,0,4,0,0.16,0.23,0.39,0.16,0.39
Ligue1,2425,Brest,Marco Bizot,NED,GK,33,1991,32,32,2880,32.0,0,0,0,0,0,0,4,0,0.0,0.0,0.0,0.0,0.0
Ligue1,2425,Brest,Massadio Haïdara,MLI,DF,31,1992,22,20,1678,18.6,0,0,0,0,0,0,3,2,0.0,0.0,0.0,0.0,0.0
Ligue1,2425,Brest,Mathias Pereira Lage,POR,"MF,FW",27,1996,29,18,1571,17.5,2,7,9,2,0,0,4,0,0.11,0.4,0.52,0.11,0.52
Ligue1,2425,Brest,Pierre Lees-Melou,FRA,MF,31,1993,20,17,1526,17.0,2,2,4,2,0,0,7,0,0.12,0.12,0.24,0.12,0.24
Ligue1,2425,Brest,Romain Del Castillo,FRA,"FW,MF",28,1996,26,14,1259,14.0,6,4,10,3,3,4,0,0,0.43,0.29,0.71,0.21,0.5
Ligue1,2425,Brest,Romain Faivre,FRA,"MF,FW",26,1998,20,10,899,10.0,3,2,5,2,1,1,2,0,0.3,0.2,0.5,0.2,0.4
Ligue1,2425,Brest,Soumaïla Coulibaly,FRA,DF,20,2003,7,5,438,4.9,0,0,0,0,0,0,1,0,0.0,0.0,0.0,0.0,0.0
Ligue1,2425,Brest,Sérigné Diop,SEN,FW,19,2005,2,0,4,0.0,0,0,0,0,0,0,0,0,0.0,0.0,0.0,0.0,0.0
Ligue1,2425,Le Havre,Abdoulaye Touré,GUI,MF,30,1994,28,26,2324,25.8,10,1,11,2,8,9,5,0,0.39,0.04,0.43,0.08,0.12
Ligue1,2425,Le Havre,Alois Confais,FRA,"DF,MF",27,1996,1,0,3,0.0,0,0,0,0,0,0,0,0,0.0,0.0,0.0,0.0,0.0
Ligue1,2425,Le Havre,André Ayew,GHA,FW,34,1989,27,15,1453,16.1,4,1,5,4,0,0,2,0,0.25,0.06,0.31,0.25,0.31
Ligue1,2425,Le Havre,Antoine Joujou,FRA,"MF,FW",21,2003,26,9,943,10.5,0,2,2,0,0,0,1,0,0.0,0.19,0.19,0.0,0.19
Ligue1,2425,Le Havre,Arouna Sangante,SEN,DF,22,2002,16,16,1244,13.8,3,0,3,3,0,0,4,1,0.22,0.0,0.22,0.22,0.22
Ligue1,2425,Le Havre,Arthur Desmas,FRA,GK,30,1994,18,18,1620,18.0,0,0,0,0,0,0,2,0,0.0,0.0,0.0,0.0,0.0
Ligue1,2425,Le Havre,Christopher Operi,CIV,"MF,DF",27,1997,13,13,1169,13.0,0,2,2,0,0,0,2,1,0.0,0.15,0.15,0.0,0.15
Ligue1,2425,Le Havre,Daler Kuzyaev,RUS,MF,31,1993,12,6,567,6.3,1,0,1,1,0,0,1,0,0.16,0.0,0.16,0.16,0.16
Ligue1,2425,Le Havre,Elysée Logbo,FRA,FW,20,2004,1,0,27,0.3,0,0,0,0,0,0,0,0,0.0,0.0,0.0,0.0,0.0
Ligue1,2425,Le Havre,Emmanuel Sabbi,USA,"MF,FW",26,1997,15,7,653,7.3,0,0,0,0,0,0,1,0,0.0,0.0,0.0,0.0,0.0
Ligue1,2425,Le Havre,Etienne Youte Kinkoue,FRA,DF,22,2002,28,26,2320,25.8,0,0,0,0,0,0,4,1,0.0,0.0,0.0,0.0,0.0
Ligue1,2425,Le Havre,Fodé Ballo-Touré,SEN,"DF,MF",27,1997,10,9,589,6.5,0,0,0,0,0,0,0,0,0.0,0.0,0.0,0.0,0.0
Ligue1,2425,Le Havre,Gautier Lloris,FRA,DF,29,1995,31,31,2768,30.8,2,1,3,2,0,0,5,0,0.07,0.03,0.1,0.07,0.1
Ligue1,2425,Le Havre,Ilyes Housni,FRA,FW,19,2005,12,3,230,2.6,0,0,0,0,0,0,0,0,0.0,0.0,0.0,0.0,0.0
Ligue1,2425,Le Havre,Issa Soumaré,SEN,"MF,FW",23,2000,29,21,1902,21.1,5,4,9,5,0,0,0,0,0.24,0.19,0.43,0.24,0.43
Ligue1,2425,Le Havre,Josué Casimir,HAI,"MF,FW",22,2001,27,23,1997,22.2,4,4,8,4,0,0,5,0,0.18,0.18,0.36,0.18,0.36
Ligue1,2425,Le Havre,Junior Mwanga,FRA,MF,21,2003,11,11,952,10.6,1,2,3,1,0,0,1,1,0.09,0.19,0.28,0.09,0.28
Ligue1,2425,Le Havre,Kandet Diawara,GUI,MF,24,2000,1,0,4,0.0,0,0,0,0,0,0,0,0,0.0,0.0,0.0,0.0,0.0
Ligue1,2425,Le Havre,Koka,EGY,FW,31,1993,16,10,851,9.5,3,1,4,2,1,1,2,0,0.32,0.11,0.42,0.21,0.32
Ligue1,2425,Le Havre,Loïc Nego,HUN,"DF,MF",33,1991,31,28,2459,27.3,0,0,0,0,0,0,4,0,0.0,0.0,0.0,0.0,0.0
Ligue1,2425,Le Havre,Mahamadou Diawara,FRA,MF,19,2005,15,6,582,6.5,0,1,1,0,0,0,0,0,0.0,0.15,0.15,0.0,0.15
Ligue1,2425,Le Havre,Mathieu Gorgelin,FRA,GK,33,1990,16,16,1440,16.0,0,0,0,0,0,0,2,0,0.0,0.0,0.0,0.0,0.0
Ligue1,2425,Le Havre,Mathéo Bodmer,FRA,DF,20,2004,1,0,6,0.1,0,0,0,0,0,0,0,0,0.0,0.0,0.0,0.0,0.0
Ligue1,2425,Le Havre,Oussama Targhalline,MAR,MF,22,2002,14,12,990,11.0,0,0,0,0,0,0,0,0,0.0,0.0,0.0,0.0,0.0
Ligue1,2425,Le Havre,Rassoul Ndiaye,SEN,MF,22,2001,27,11,1061,11.8,1,0,1,1,0,0,2,0,0.08,0.0,0.08,0.08,0.08
Ligue1,2425,Le Havre,Samuel Grandsir,FRA,"FW,MF",27,1996,6,0,84,0.9,0,0,0,0,0,0,0,0,0.0,0.0,0.0,0.0,0.0
Ligue1,2425,Le Havre,Steve Ngoura,FRA,FW,19,2005,8,2,289,3.2,1,0,1,1,0,0,0,0,0.31,0.0,0.31,0.31,0.31
Ligue1,2425,Le Havre,Timothee Pembele,FRA,"DF,MF",21,2002,20,12,1113,12.4,1,0,1,1,0,0,3,0,0.08,0.0,0.08,0.08,0.08
Ligue1,2425,Le Havre,Yanis Zouaoui,ALG,"DF,MF",26,1998,17,9,976,10.8,0,2,2,0,0,0,3,0,0.0,0.18,0.18,0.0,0.18
Ligue1,2425,Le Havre,Yassine Kechta,MAR,"MF,FW",22,2002,31,25,2096,23.3,2,0,2,2,0,0,4,0,0.09,0.0,0.09,0.09,0.09
Ligue1,2425,Le Havre,Yoann Salmier,GUF,DF,31,1992,13,9,797,8.9,0,0,0,0,0,0,3,0,0.0,0.0,0.0,0.0,0.0
Ligue1,2425,Lens,Abdukodir Khusanov,UZB,DF,20,2004,13,11,975,10.8,0,0,0,0,0,0,2,1,0.0,0.0,0.0,0.0,0.0
Ligue1,2425,Lens,Abdulai Juma Bah,SLE,DF,18,2006,10,8,686,7.6,0,0,0,0,0,0,2,0,0.0,0.0,0.0,0.0,0.0
Ligue1,2425,Lens,Adrien Thomasson,FRA,MF,30,1993,33,31,2615,29.1,3,7,10,3,0,0,7,0,0.1,0.24,0.34,0.1,0.34
Ligue1,2425,Lens,Anass Zaroury,MAR,"MF,FW",23,2000,28,16,1405,15.6,2,2,4,2,0,0,3,1,0.13,0.13,0.26,0.13,0.26
Ligue1,2425,Lens,Andy Diouf,FRA,MF,21,2003,34,27,2225,24.7,1,2,3,1,0,0,2,0,0.04,0.08,0.12,0.04,0.12
Ligue1,2425,Lens,Angelo Fulgini,NCL,MF,27,1996,23,11,1045,11.6,1,1,2,1,0,0,3,0,0.09,0.09,0.17,0.09,0.17
Ligue1,2425,Lens,Brice Samba,FRA,GK,30,1994,15,15,1350,15.0,0,0,0,0,0,0,1,0,0.0,0.0,0.0,0.0,0.0
Ligue1,2425,Lens,David Costa,POR,MF,23,2001,11,3,352,3.9,0,0,0,0,0,0,0,1,0.0,0.0,0.0,0.0,0.0
Ligue1,2425,Lens,Deiver Machado,COL,"DF,MF",30,1993,27,20,1805,20.1,1,4,5,1,0,0,7,2,0.05,0.2,0.25,0.05,0.25
Ligue1,2425,Lens,Facundo Medina,ARG,DF,25,1999,29,29,2543,28.3,0,1,1,0,0,0,15,1,0.0,0.04,0.04,0.0,0.04
Ligue1,2425,Lens,Florian Sotoca,FRA,"FW,MF",33,1990,31,22,1794,19.9,1,1,2,1,0,0,2,1,0.05,0.05,0.1,0.05,0.1
Ligue1,2425,Lens,Gabin Capuano,FRA,FW,18,2006,1,0,11,0.1,0,0,0,0,0,0,0,0,0.0,0.0,0.0,0.0,0.0
Ligue1,2425,Lens,Goduine Koyalipou,CTA,FW,24,2000,15,12,885,9.8,4,0,4,4,0,0,0,0,0.41,0.0,0.41,0.41,0.41
Ligue1,2425,Lens,Hamzat Ojediran,NGA,MF,20,2003,17,1,416,4.6,1,0,1,1,0,0,5,0,0.22,0.0,0.22,0.22,0.22
Ligue1,2425,Lens,Hervé Koffi,BFA,GK,27,1996,5,5,450,5.0,0,0,0,0,0,0,2,0,0.0,0.0,0.0,0.0,0.0
Ligue1,2425,Lens,Jeremy Agbonifo,SWE,FW,18,2005,8,1,300,3.3,1,0,1,1,0,0,1,0,0.3,0.0,0.3,0.3,0.3
Ligue1,2425,Lens,Jhoanner Chávez,ECU,MF,22,2002,10,7,596,6.6,1,0,1,1,0,0,1,0,0.15,0.0,0.15,0.15,0.15
Ligue1,2425,Lens,Jonathan Gradit,FRA,DF,31,1992,25,24,2112,23.5,0,0,0,0,0,0,4,0,0.0,0.0,0.0,0.0,0.0
Ligue1,2425,Lens,Kembo Diliwidi,FRA,FW,18,2006,1,0,4,0.0,0,0,0,0,0,0,0,0,0.0,0.0,0.0,0.0,0.0
Ligue1,2425,Lens,Kevin Danso,AUT,DF,25,1998,12,12,1080,12.0,0,0,0,0,0,0,3,0,0.0,0.0,0.0,0.0,0.0
Ligue1,2425,Lens,Kyllian Antonio,FRA,"MF,DF",16,2008,3,2,139,1.5,0,0,0,0,0,0,0,0,0.0,0.0,0.0,0.0,0.0
Ligue1,2425,Lens,M'Bala Nzola,ANG,FW,27,1996,21,16,1460,16.2,6,1,7,6,0,0,3,1,0.37,0.06,0.43,0.37,0.43
Ligue1,2425,Lens,Malang Sarr,FRA,DF,25,1999,21,15,1385,15.4,0,0,0,0,0,0,0,0,0.0,0.0,0.0,0.0,0.0
Ligue1,2425,Lens,Martin Satriano,URU,FW,23,2001,7,0,88,1.0,0,0,0,0,0,0,0,0,0.0,0.0,0.0,0.0,0.0
Ligue1,2425,Lens,Mathew Ryan,AUS,GK,32,1992,14,14,1260,14.0,0,0,0,0,0,0,0,0,0.0,0.0,0.0,0.0,0.0
Ligue1,2425,Lens,Nampalys Mendy,SEN,MF,32,1992,10,7,588,6.5,0,1,1,0,0,0,2,0,0.0,0.15,0.15,0.0,0.15
Ligue1,2425,Lens,Neil El Aynaoui,MAR,MF,23,2001,24,17,1588,17.6,8,1,9,5,3,3,4,0,0.45,0.06,0.51,0.28,0.34
Ligue1,2425,Lens,Przemysław Frankowski,POL,"MF,DF",29,1995,18,16,1387,15.4,4,2,6,2,2,2,3,0,0.26,0.13,0.39,0.13,0.26
Ligue1,2425,Lens,Rayan Fofana,FRA,MF,18,2006,2,0,25,0.3,0,0,0,0,0,0,0,0,0.0,0.0,0.0,0.0,0.0
Ligue1,2425,Lens,Ruben Aguilar,FRA,"MF,DF",31,1993,16,13,1124,12.5,1,2,3,1,0,0,4,0,0.08,0.16,0.24,0.08,0.24
Ligue1,2425,Lens,Rémy Labeau Lascary,GLP,"MF,FW",21,2003,14,6,637,7.1,2,1,3,2,0,0,5,0,0.28,0.14,0.42,0.28,0.42
Ligue1,2425,Lens,Tom Pouilly,FRA,DF,21,2003,10,2,273,3.0,0,0,0,0,0,0,1,0,0.0,0.0,0.0,0.0,0.0
Ligue1,2425,Lens,Wesley Saïd,FRA,FW,29,1995,24,11,905,10.1,3,0,3,3,0,0,4,0,0.3,0.0,0.3,0.3,0.3
Ligue1,2425,Lille,Aaron Malouda,FRA,FW,18,2005,1,0,2,0.0,0,0,0,0,0,0,0,0,0.0,0.0,0.0,0.0,0.0
Ligue1,2425,Lille,Alexsandro Ribeiro,BRA,DF,24,1999,30,30,2700,30.0,1,1,2,1,0,0,10,0,0.03,0.03,0.07,0.03,0.07
Ligue1,2425,Lille,André Gomes,POR,MF,31,1993,20,16,1276,14.2,0,0,0,0,0,0,3,0,0.0,0.0,0.0,0.0,0.0
Ligue1,2425,Lille,Angel Gomes,ENG,MF,23,2000,14,10,736,8.2,1,1,2,1,0,1,1,0,0.12,0.12,0.24,0.12,0.24
Ligue1,2425,Lille,Ayyoub Bouaddi,FRA,MF,16,2007,24,11,1151,12.8,0,1,1,0,0,0,2,0,0.0,0.08,0.08,0.0,0.08
Ligue1,2425,Lille,Aïssa Mandi,ALG,DF,32,1991,24,20,1733,19.3,0,0,0,0,0,0,3,0,0.0,0.0,0.0,0.0,0.0
Ligue1,2425,Lille,Bafodé Diakité,FRA,DF,23,2001,31,31,2766,30.7,4,1,5,4,0,0,8,1,0.13,0.03,0.16,0.13,0.16
Ligue1,2425,Lille,Benjamin André,FRA,MF,33,1990,30,30,2692,29.9,0,3,3,0,0,0,12,0,0.0,0.1,0.1,0.0,0.1
Ligue1,2425,Lille,Chuba Akpom,ENG,FW,28,1995,14,6,639,7.1,3,1,4,2,1,2,0,0,0.42,0.14,0.56,0.28,0.42
Ligue1,2425,Lille,Edon Zhegrova,KVX,MF,25,1999,12,12,978,10.9,4,1,5,4,0,0,1,0,0.37,0.09,0.46,0.37,0.46
Ligue1,2425,Lille,Ethan Mbappé,FRA,MF,17,2006,10,1,222,2.5,0,0,0,0,0,0,3,0,0.0,0.0,0.0,0.0,0.0
Ligue1,2425,Lille,Gabriel Gudmundsson,SWE,"DF,MF",25,1999,30,20,1785,19.8,2,0,2,2,0,0,3,0,0.1,0.0,0.1,0.1,0.1
Ligue1,2425,Lille,Hákon Haraldsson,ISL,MF,21,2003,25,21,1755,19.5,5,3,8,5,0,0,3,0,0.26,0.15,0.41,0.26,0.41
Ligue1,2425,Lille,Ismaily,BRA,DF,34,1990,16,10,904,10.0,0,1,1,0,0,0,4,0,0.0,0.1,0.1,0.0,0.1
Ligue1,2425,Lille,Jonathan David,CAN,FW,24,2000,32,28,2554,28.4,16,5,21,10,6,7,4,0,0.56,0.18,0.74,0.35,0.53
Ligue1,2425,Lille,Lucas Chevalier,FRA,GK,22,2001,34,34,3060,34.0,0,0,0,0,0,0,0,0,0.0,0.0,0.0,0.0,0.0
Ligue1,2425,Lille,Matias Fernandez-Pardo,BEL,"MF,FW",19,2005,22,12,1065,11.8,4,2,6,4,0,0,4,0,0.34,0.17,0.51,0.34,0.51
Ligue1,2425,Lille,Mitchel Bakker,NED,"MF,DF",24,2000,24,14,1139,12.7,3,2,5,3,0,0,3,1,0.24,0.16,0.4,0.24,0.4
Ligue1,2425,Lille,Mohamed Lamine Bayo,GUI,FW,26,1998,12,4,309,3.4,2,1,3,2,0,0,1,0,0.58,0.29,0.87,0.58,0.87
Ligue1,2425,Lille,Nabil Bentaleb,ALG,MF,29,1994,10,3,329,3.7,1,0,1,1,0,0,0,0,0.27,0.0,0.27,0.27,0.27
Ligue1,2425,Lille,Ngal'Ayel Mukau,COD,MF,19,2004,22,14,1190,13.2,0,1,1,0,0,0,4,0,0.0,0.08,0.08,0.0,0.08
Ligue1,2425,Lille,Osame Sahraoui,MAR,MF,23,2001,30,10,1293,14.4,3,3,6,3,0,0,1,0,0.21,0.21,0.42,0.21,0.42
Ligue1,2425,Lille,Ousmane Toure,FRA,DF,19,2005,1,0,6,0.1,0,0,0,0,0,0,0,0,0.0,0.0,0.0,0.0,0.0
Ligue1,2425,Lille,Rémy Cabella,FRA,MF,34,1990,23,12,1011,11.2,1,2,3,1,0,0,1,0,0.09,0.18,0.27,0.09,0.27
Ligue1,2425,Lille,Thomas Meunier,BEL,DF,32,1991,30,21,1928,21.4,2,0,2,2,0,0,5,0,0.09,0.0,0.09,0.09,0.09
Ligue1,2425,Lille,Tiago Santos,POR,"DF,MF",22,2002,7,4,404,4.5,0,0,0,0,0,0,1,0,0.0,0.0,0.0,0.0,0.0
Ligue1,2425,Lille,Younes Lachaab,FRA,MF,19,2005,2,0,9,0.1,0,0,0,0,0,0,0,0,0.0,0.0,0.0,0.0,0.0
Ligue1,2425,Lyon,Abner,BRA,"DF,MF",24,2000,19,12,1090,12.1,1,1,2,1,0,0,1,0,0.08,0.08,0.17,0.08,0.17
Ligue1,2425,Lyon,Adryelson,BRA,DF,26,1998,1,0,1,0.0,0,0,0,0,0,0,1,0,0.0,0.0,0.0,0.0,0.0
Ligue1,2425,Lyon,Ainsley Maitland-Niles,ENG,"DF,MF",26,1997,32,20,1985,22.1,1,4,5,1,0,0,1,0,0.05,0.18,0.23,0.05,0.23
Ligue1,2425,Lyon,Alejandro Rodriguez,POR,FW,16,2008,1,0,20,0.2,0,0,0,0,0,0,0,0,0.0,0.0,0.0,0.0,0.0
Ligue1,2425,Lyon,Alexandre Lacazette,FRA,FW,33,1991,30,24,2051,22.8,15,2,17,10,5,6,5,0,0.66,0.09,0.75,0.44,0.53
Ligue1,2425,Lyon,Clinton Mata,ANG,DF,31,1992,29,27,2370,26.3,0,4,4,0,0,0,6,0,0.0,0.15,0.15,0.0,0.15
Ligue1,2425,Lyon,Corentin Tolisso,FRA,MF,29,1994,32,27,2329,25.9,7,4,11,7,0,0,4,0,0.27,0.15,0.43,0.27,0.43
Ligue1,2425,Lyon,Duje Ćaleta-Car,CRO,DF,27,1996,19,17,1584,17.6,1,0,1,1,0,0,8,0,0.06,0.0,0.06,0.06,0.06
Ligue1,2425,Lyon,Ernest Nuamah,GHA,"MF,FW",20,2003,23,13,1052,11.7,3,1,4,3,0,0,2,0,0.26,0.09,0.34,0.26,0.34
Ligue1,2425,Lyon,Georges Mikautadze,GEO,"FW,MF",23,2000,34,13,1449,16.1,11,6,17,8,3,4,2,0,0.68,0.37,1.06,0.5,0.87
Ligue1,2425,Lyon,Gift Orban,NGA,FW,22,2002,3,2,186,2.1,2,0,2,2,0,0,1,0,0.97,0.0,0.97,0.97,0.97
Ligue1,2425,Lyon,Jordan Veretout,FRA,MF,31,1993,27,19,1553,17.3,2,0,2,2,0,0,3,0,0.12,0.0,0.12,0.12,0.12
Ligue1,2425,Lyon,Lucas Perri,BRA,GK,26,1997,33,33,2970,33.0,0,0,0,0,0,0,1,0,0.0,0.0,0.0,0.0,0.0
Ligue1,2425,Lyon,Mahamadou Diawara,FRA,MF,19,2005,2,0,16,0.2,0,0,0,0,0,0,0,0,0.0,0.0,0.0,0.0,0.0
Ligue1,2425,Lyon,Malick Fofana,BEL,"FW,MF",19,2005,29,16,1589,17.7,5,4,9,5,0,0,2,0,0.28,0.23,0.51,0.28,0.51
Ligue1,2425,Lyon,Mama Samba Baldé,GNB,"FW,MF",28,1995,2,0,33,0.4,0,0,0,0,0,0,0,0,0.0,0.0,0.0,0.0,0.0
Ligue1,2425,Lyon,Maxence Caqueret,FRA,MF,24,2000,9,6,573,6.4,0,0,0,0,0,0,1,0,0.0,0.0,0.0,0.0,0.0
Ligue1,2425,Lyon,Moussa Niakhate,SEN,DF,28,1996,31,30,2726,30.3,0,0,0,0,0,0,2,0,0.0,0.0,0.0,0.0,0.0
Ligue1,2425,Lyon,Nemanja Matić,SRB,MF,35,1988,29,25,2010,22.3,0,1,1,0,0,0,1,0,0.0,0.04,0.04,0.0,0.04
Ligue1,2425,Lyon,Nicolás Tagliafico,ARG,DF,31,1992,24,22,1902,21.1,3,1,4,3,0,0,7,0,0.14,0.05,0.19,0.14,0.19
Ligue1,2425,Lyon,Orel Mangala,BEL,MF,26,1998,1,1,67,0.7,0,0,0,0,0,0,0,0,0.0,0.0,0.0,0.0,0.0
Ligue1,2425,Lyon,Paul Akouokou,CIV,MF,26,1997,2,0,19,0.2,0,0,0,0,0,0,1,0,0.0,0.0,0.0,0.0,0.0
Ligue1,2425,Lyon,Rayan Cherki,FRA,"MF,FW",20,2003,30,22,2041,22.7,8,11,19,8,0,0,3,0,0.35,0.49,0.84,0.35,0.84
Ligue1,2425,Lyon,Rémy Descamps,FRA,GK,28,1996,1,1,90,1.0,0,0,0,0,0,0,0,0,0.0,0.0,0.0,0.0,0.0
Ligue1,2425,Lyon,Sael Kumbedi,FRA,DF,19,2005,14,12,951,10.6,0,0,0,0,0,0,2,0,0.0,0.0,0.0,0.0,0.0
Ligue1,2425,Lyon,Saïd Benrahma,ALG,"FW,MF",28,1995,13,9,735,8.2,1,3,4,1,0,0,0,0,0.12,0.37,0.49,0.12,0.49
Ligue1,2425,Lyon,Tanner Tessmann,USA,MF,22,2001,25,13,1234,13.7,1,0,1,1,0,0,3,0,0.07,0.0,0.07,0.07,0.07
Ligue1,2425,Lyon,Thiago Almada,ARG,MF,23,2001,16,9,951,10.6,1,4,5,1,0,0,3,0,0.09,0.38,0.47,0.09,0.47
Ligue1,2425,Lyon,Téo Barisic,CRO,DF,19,2004,1,0,2,0.0,0,0,0,0,0,0,0,0,0.0,0.0,0.0,0.0,0.0
Ligue1,2425,Lyon,Warmed Omari,COM,DF,24,2000,1,0,8,0.1,0,0,0,0,0,0,0,0,0.0,0.0,0.0,0.0,0.0
Ligue1,2425,Lyon,Wilfried Zaha,CIV,FW,31,1992,4,1,73,0.8,0,0,0,0,0,0,0,0,0.0,0.0,0.0,0.0,0.0
Ligue1,2425,Marseille,Adrien Rabiot,FRA,MF,29,1995,29,27,2485,27.6,9,4,13,9,0,0,4,0,0.33,0.14,0.47,0.33,0.47
Ligue1,2425,Marseille,Amar Dedić,BIH,MF,21,2002,10,2,314,3.5,0,1,1,0,0,0,1,0,0.0,0.29,0.29,0.0,0.29
Ligue1,2425,Marseille,Amine Gouiri,ALG,FW,24,2000,14,12,1048,11.6,10,3,13,10,0,0,0,0,0.86,0.26,1.12,0.86,1.12
Ligue1,2425,Marseille,Amine Harit,MAR,MF,27,1997,13,8,519,5.8,2,4,6,2,0,0,1,1,0.35,0.69,1.04,0.35,1.04
Ligue1,2425,Marseille,Bamo Meïté,CIV,DF,22,2001,3,0,26,0.3,0,0,0,0,0,0,0,0,0.0,0.0,0.0,0.0,0.0
Ligue1,2425,Marseille,Bilal Nadir,MAR,MF,20,2003,15,5,383,4.3,1,0,1,1,0,0,2,0,0.23,0.0,0.23,0.23,0.23
Ligue1,2425,Marseille,Darryl Bakola,FRA,MF,16,2007,2,0,14,0.2,0,0,0,0,0,0,1,0,0.0,0.0,0.0,0.0,0.0
Ligue1,2425,Marseille,Derek Cornelius,CAN,DF,26,1997,21,17,1420,15.8,0,0,0,0,0,0,9,2,0.0,0.0,0.0,0.0,0.0
Ligue1,2425,Marseille,Elye Wahi,CIV,FW,21,2003,13,7,574,6.4,3,1,4,2,1,1,1,0,0.47,0.16,0.63,0.31,0.47
Ligue1,2425,Marseille,Emmanuel Koum Mbondo,FRA,FW,18,2006,1,0,12,0.1,0,0,0,0,0,0,0,0,0.0,0.0,0.0,0.0,0.0
Ligue1,2425,Marseille,Enzo Sternal,FRA,FW,17,2007,2,0,24,0.3,0,0,0,0,0,0,1,0,0.0,0.0,0.0,0.0,0.0
Ligue1,2425,Marseille,Faris Pemi Moumbagna,CMR,FW,24,2000,1,0,8,0.1,0,0,0,0,0,0,0,0,0.0,0.0,0.0,0.0,0.0
Ligue1,2425,Marseille,Geoffrey Kondogbia,CTA,"DF,MF",31,1993,25,22,2020,22.4,0,0,0,0,0,0,1,0,0.0,0.0,0.0,0.0,0.0
Ligue1,2425,Marseille,Gerónimo Rulli,ARG,GK,32,1992,34,34,3060,34.0,0,0,0,0,0,0,1,0,0.0,0.0,0.0,0.0,0.0
Ligue1,2425,Marseille,Ismaël Bennacer,ALG,MF,26,1997,12,8,646,7.2,0,2,2,0,0,0,2,0,0.0,0.28,0.28,0.0,0.28
Ligue1,2425,Marseille,Ismaël Koné,CAN,MF,22,2002,8,3,360,4.0,0,0,0,0,0,0,0,0,0.0,0.0,0.0,0.0,0.0
Ligue1,2425,Marseille,Jonathan Rowe,ENG,"MF,FW",21,2003,28,6,807,9.0,3,3,6,3,0,0,2,0,0.33,0.33,0.67,0.33,0.67
Ligue1,2425,Marseille,Keyliane Abdallah,FRA,FW,18,2006,1,0,3,0.0,0,0,0,0,0,0,0,0,0.0,0.0,0.0,0.0,0.0
Ligue1,2425,Marseille,Leonardo Balerdi,ARG,DF,25,1999,27,27,2273,25.3,0,0,0,0,0,0,9,1,0.0,0.0,0.0,0.0,0.0
Ligue1,2425,Marseille,Lilian Brassier,FRA,DF,24,1999,12,9,779,8.7,0,0,0,0,0,0,3,0,0.0,0.0,0.0,0.0,0.0
Ligue1,2425,Marseille,Luis Henrique,BRA,MF,22,2001,33,29,2613,29.0,7,7,14,7,0,0,0,0,0.24,0.24,0.48,0.24,0.48
Ligue1,2425,Marseille,Luiz Felipe,ITA,DF,27,1997,4,2,122,1.4,0,0,0,0,0,0,1,0,0.0,0.0,0.0,0.0,0.0
Ligue1,2425,Marseille,Mason Greenwood,ENG,"MF,FW",22,2001,34,32,2804,31.2,21,5,26,14,7,9,3,0,0.67,0.16,0.83,0.45,0.61
Ligue1,2425,Marseille,Michael Amir Murillo,PAN,DF,28,1996,30,27,2437,27.1,1,3,4,1,0,0,3,0,0.04,0.11,0.15,0.04,0.15
Ligue1,2425,Marseille,Neal Maupay,FRA,FW,27,1996,22,13,1042,11.6,4,4,8,4,0,0,3,1,0.35,0.35,0.69,0.35,0.69
Ligue1,2425,Marseille,Pierre Højbjerg,DEN,MF,28,1995,30,30,2664,29.6,2,4,6,2,0,0,5,0,0.07,0.14,0.2,0.07,0.2
Ligue1,2425,Marseille,Pol Lirola,ESP,DF,26,1997,19,5,680,7.6,1,2,3,1,0,0,1,1,0.13,0.26,0.4,0.13,0.4
Ligue1,2425,Marseille,Quentin Merlin,FRA,"MF,DF",22,2002,27,21,1589,17.7,1,3,4,1,0,0,1,0,0.06,0.17,0.23,0.06,0.23
Ligue1,2425,Marseille,Robinio Vaz,FRA,FW,17,2007,2,0,75,0.8,0,0,0,0,0,0,1,0,0.0,0.0,0.0,0.0,0.0
Ligue1,2425,Marseille,Ulisses Garcia,SUI,"DF,MF",28,1996,20,10,930,10.3,2,2,4,2,0,0,2,0,0.19,0.19,0.39,0.19,0.39
Ligue1,2425,Marseille,Valentin Carboni,ARG,MF,19,2005,4,1,103,1.1,0,0,0,0,0,0,1,0,0.0,0.0,0.0,0.0,0.0
Ligue1,2425,Marseille,Valentin Rongier,FRA,"MF,DF",29,1994,25,17,1562,17.4,3,1,4,3,0,0,5,0,0.17,0.06,0.23,0.17,0.23
Ligue1,2425,Monaco,Al-Musrati,LBY,MF,28,1996,10,3,386,4.3,1,1,2,1,0,0,0,0,0.23,0.23,0.47,0.23,0.47
Ligue1,2425,Monaco,Aleksandr Golovin,RUS,MF,28,1996,19,13,1153,12.8,3,0,3,3,0,0,1,0,0.23,0.0,0.23,0.23,0.23
Ligue1,2425,Monaco,Breel Embolo,SUI,"FW,MF",27,1997,29,19,1841,20.5,6,4,10,6,0,0,5,0,0.29,0.2,0.49,0.29,0.49
Ligue1,2425,Monaco,Caio Henrique Oliveira Silva,BRA,DF,27,1997,27,21,1929,21.4,0,6,6,0,0,0,3,0,0.0,0.28,0.28,0.0,0.28
Ligue1,2425,Monaco,Christian Mawissa,FRA,DF,19,2005,22,17,1501,16.7,0,0,0,0,0,0,3,0,0.0,0.0,0.0,0.0,0.0
Ligue1,2425,Monaco,Denis Zakaria,SUI,MF,27,1996,26,24,2144,23.8,6,4,10,4,2,2,5,0,0.25,0.17,0.42,0.17,0.34
Ligue1,2425,Monaco,Eliesse Ben Seghir,MAR,MF,19,2005,33,19,1750,19.4,6,3,9,4,2,2,0,0,0.31,0.15,0.46,0.21,0.36
Ligue1,2425,Monaco,Eliot Matazo,BEL,MF,22,2002,3,1,68,0.8,0,0,0,0,0,0,0,0,0.0,0.0,0.0,0.0,0.0
Ligue1,2425,Monaco,Folarin Balogun,USA,FW,23,2001,13,7,615,6.8,4,0,4,4,0,0,0,0,0.59,0.0,0.59,0.59,0.59
Ligue1,2425,Monaco,George Ilenikhena,NGA,FW,17,2006,23,6,717,8.0,3,2,5,3,0,0,0,0,0.38,0.25,0.63,0.38,0.63
Ligue1,2425,Monaco,Ismail Jakobs,SEN,DF,24,1999,2,2,180,2.0,0,0,0,0,0,0,0,0,0.0,0.0,0.0,0.0,0.0
Ligue1,2425,Monaco,Jordan Teze,NED,"DF,MF",24,1999,16,8,569,6.3,1,0,1,1,0,0,2,1,0.16,0.0,0.16,0.16,0.16
Ligue1,2425,Monaco,Kassoum Ouattara,FRA,"MF,DF",19,2004,12,5,391,4.3,0,1,1,0,0,0,2,0,0.0,0.23,0.23,0.0,0.23
Ligue1,2425,Monaco,Krépin Diatta,SEN,"DF,MF",25,1999,19,3,508,5.6,0,0,0,0,0,0,3,0,0.0,0.0,0.0,0.0,0.0
Ligue1,2425,Monaco,Lamine Camara,SEN,MF,20,2004,29,25,2054,22.8,2,7,9,2,0,0,10,1,0.09,0.31,0.39,0.09,0.39
Ligue1,2425,Monaco,Lucas Michal,FRA,FW,19,2005,8,0,117,1.3,0,0,0,0,0,0,0,0,0.0,0.0,0.0,0.0,0.0
Ligue1,2425,Monaco,Maghnes Akliouche,FRA,MF,22,2002,32,27,2406,26.7,5,10,15,4,1,1,2,0,0.19,0.37,0.56,0.15,0.52
Ligue1,2425,Monaco,Mamadou Coulibaly,FRA,MF,20,2004,1,0,8,0.1,0,0,0,0,0,0,0,0,0.0,0.0,0.0,0.0,0.0
Ligue1,2425,Monaco,Mika Biereth,DEN,FW,21,2003,16,16,1228,13.6,13,2,15,12,1,2,0,0,0.95,0.15,1.1,0.88,1.03
Ligue1,2425,Monaco,Mohammed Salisu,GHA,DF,25,1999,15,11,1023,11.4,1,0,1,1,0,0,2,0,0.09,0.0,0.09,0.09,0.09
Ligue1,2425,Monaco,Philipp Köhn,SUI,GK,26,1998,19,19,1710,19.0,0,0,0,0,0,0,1,0,0.0,0.0,0.0,0.0,0.0
Ligue1,2425,Monaco,Radosław Majecki,POL,GK,24,1999,15,15,1350,15.0,0,0,0,0,0,0,1,0,0.0,0.0,0.0,0.0,0.0
Ligue1,2425,Monaco,Saïmon Bouabré,FRA,MF,18,2006,3,1,97,1.1,0,0,0,0,0,0,0,0,0.0,0.0,0.0,0.0,0.0
Ligue1,2425,Monaco,Soungoutou Magassa,FRA,MF,20,2003,21,12,1025,11.4,0,1,1,0,0,0,5,1,0.0,0.09,0.09,0.0,0.09
Ligue1,2425,Monaco,Takumi Minamino,JPN,MF,29,1995,31,27,2231,24.8,6,3,9,6,0,0,4,0,0.24,0.12,0.36,0.24,0.36
Ligue1,2425,Monaco,Thilo Kehrer,GER,DF,27,1996,27,27,2383,26.5,4,0,4,4,0,0,1,0,0.15,0.0,0.15,0.15,0.15
Ligue1,2425,Monaco,Vanderson,BRA,DF,23,2001,29,23,2064,22.9,1,3,4,1,0,0,6,1,0.04,0.13,0.17,0.04,0.17
Ligue1,2425,Monaco,Wilfried Singo,CIV,DF,23,2000,27,23,2096,23.3,1,2,3,1,0,0,4,0,0.04,0.09,0.13,0.04,0.13
Ligue1,2425,Montpellier,Akor Adams,NGA,FW,24,2000,15,13,1075,11.9,3,1,4,3,0,0,2,0,0.25,0.08,0.33,0.25,0.33
Ligue1,2425,Montpellier,Andy Delort,ALG,FW,32,1991,9,8,607,6.7,0,0,0,0,0,0,1,0,0.0,0.0,0.0,0.0,0.0
Ligue1,2425,Montpellier,Arnaud Nordin,FRA,"MF,FW",26,1998,16,14,1166,13.0,4,1,5,3,1,2,2,0,0.31,0.08,0.39,0.23,0.31
Ligue1,2425,Montpellier,Axel Gueguin,FRA,FW,19,2005,1,0,23,0.3,0,0,0,0,0,0,0,0,0.0,0.0,0.0,0.0,0.0
Ligue1,2425,Montpellier,Bamo Meïté,CIV,DF,22,2001,7,6,424,4.7,0,0,0,0,0,0,2,1,0.0,0.0,0.0,0.0,0.0
Ligue1,2425,Montpellier,Becir Omeragic,SUI,DF,22,2002,22,21,1799,20.0,0,0,0,0,0,0,1,0,0.0,0.0,0.0,0.0,0.0
Ligue1,2425,Montpellier,Benjamin Lecomte,FRA,GK,33,1991,30,30,2700,30.0,0,0,0,0,0,0,0,0,0.0,0.0,0.0,0.0,0.0
Ligue1,2425,Montpellier,Birama Touré,MLI,"MF,DF",32,1992,8,2,300,3.3,0,0,0,0,0,0,2,0,0.0,0.0,0.0,0.0,0.0
Ligue1,2425,Montpellier,Boubakar Kouyaté,MLI,DF,27,1997,11,8,756,8.4,0,0,0,0,0,0,6,1,0.0,0.0,0.0,0.0,0.0
Ligue1,2425,Montpellier,Dimitry Bertaud,COD,GK,26,1998,4,4,360,4.0,0,0,0,0,0,0,0,0,0.0,0.0,0.0,0.0,0.0
Ligue1,2425,Montpellier,Enzo Tchato,CMR,"DF,MF",21,2002,27,21,1899,21.1,0,0,0,0,0,0,3,0,0.0,0.0,0.0,0.0,0.0
Ligue1,2425,Montpellier,Falaye Sacko,MLI,DF,29,1995,16,14,1233,13.7,0,1,1,0,0,0,1,0,0.0,0.07,0.07,0.0,0.07
Ligue1,2425,Montpellier,Gabriel Bares,SUI,MF,23,2000,6,0,56,0.6,0,0,0,0,0,0,0,0,0.0,0.0,0.0,0.0,0.0
Ligue1,2425,Montpellier,Issiaga Sylla,GUI,"DF,MF",30,1994,19,15,1156,12.8,1,0,1,1,0,0,2,0,0.08,0.0,0.08,0.08,0.08
Ligue1,2425,Montpellier,Jordan Ferri,FRA,MF,32,1992,25,21,1773,19.7,0,2,2,0,0,0,6,1,0.0,0.1,0.1,0.0,0.1
Ligue1,2425,Montpellier,Joris Chotard,FRA,MF,22,2001,26,23,1892,21.0,1,0,1,1,0,0,5,0,0.05,0.0,0.05,0.05,0.05
Ligue1,2425,Montpellier,Junior Ndiaye,UAE,FW,19,2005,15,4,441,4.9,0,0,0,0,0,0,0,0,0.0,0.0,0.0,0.0,0.0
Ligue1,2425,Montpellier,Khalil Fayad,FRA,"MF,FW",20,2004,20,10,1028,11.4,0,0,0,0,0,0,5,0,0.0,0.0,0.0,0.0,0.0
Ligue1,2425,Montpellier,Lucas Mincarelli,FRA,DF,20,2004,10,8,715,7.9,1,0,1,1,0,0,0,0,0.13,0.0,0.13,0.13,0.13
Ligue1,2425,Montpellier,Modibo Sagnan,MLI,DF,25,1999,27,24,2141,23.8,2,0,2,2,0,0,10,0,0.08,0.0,0.08,0.08,0.08
Ligue1,2425,Montpellier,Musa Al-Taamari,JOR,"MF,FW",27,1997,15,12,1116,12.4,2,1,3,2,0,0,3,0,0.16,0.08,0.24,0.16,0.24
Ligue1,2425,Montpellier,Nicolas Pays,FRA,"MF,FW",20,2003,9,4,447,5.0,0,0,0,0,0,0,0,0,0.0,0.0,0.0,0.0,0.0
Ligue1,2425,Montpellier,Nikola Maksimović,SRB,DF,32,1991,7,7,581,6.5,0,0,0,0,0,0,2,0,0.0,0.0,0.0,0.0,0.0
Ligue1,2425,Montpellier,Othmane Maamma,MAR,MF,18,2005,12,2,361,4.0,1,1,2,1,0,0,1,0,0.25,0.25,0.5,0.25,0.5
Ligue1,2425,Montpellier,Rabby Nzingoula,FRA,MF,18,2005,27,20,1689,18.8,1,0,1,1,0,0,11,0,0.05,0.0,0.05,0.05,0.05
Ligue1,2425,Montpellier,Simon Cara,FRA,FW,19,2005,2,0,9,0.1,0,0,0,0,0,0,0,0,0.0,0.0,0.0,0.0,0.0
Ligue1,2425,Montpellier,Stefan Džodić,SRB,DF,19,2005,7,2,242,2.7,0,0,0,0,0,0,2,1,0.0,0.0,0.0,0.0,0.0
Ligue1,2425,Montpellier,Tanguy Coulibaly,FRA,"MF,FW",23,2001,25,17,1485,16.5,3,0,3,3,0,0,4,2,0.18,0.0,0.18,0.18,0.18
Ligue1,2425,Montpellier,Théo Chennahi,FRA,DF,19,2005,4,2,181,2.0,0,0,0,0,0,0,2,0,0.0,0.0,0.0,0.0,0.0
Ligue1,2425,Montpellier,Théo Sainte-Luce,FRA,DF,25,1998,16,11,1018,11.3,1,0,1,1,0,0,3,0,0.09,0.0,0.09,0.09,0.09
Ligue1,2425,Montpellier,Téji Savanier,FRA,MF,32,1991,31,27,2363,26.3,2,5,7,0,2,2,4,1,0.08,0.19,0.27,0.0,0.19
Ligue1,2425,Montpellier,Wahbi Khazri,TUN,"FW,MF",33,1991,30,10,1118,12.4,1,1,2,1,0,0,4,0,0.08,0.08,0.16,0.08,0.16
Ligue1,2425,Montpellier,Wilfried Ndollo,CMR,DF,19,2005,8,3,401,4.5,0,0,0,0,0,0,0,0,0.0,0.0,0.0,0.0,0.0
Ligue1,2425,Montpellier,Yael Mouanga,FRA,DF,19,2005,14,10,946,10.5,0,0,0,0,0,0,3,0,0.0,0.0,0.0,0.0,0.0
Ligue1,2425,Montpellier,Yanis Issoufou,FRA,MF,17,2006,4,1,77,0.9,0,0,0,0,0,0,0,0,0.0,0.0,0.0,0.0,0.0
Ligue1,2425,Nantes,Alban Lafont,CIV,GK,25,1999,12,12,1080,12.0,0,0,0,0,0,0,1,0,0.0,0.0,0.0,0.0,0.0
Ligue1,2425,Nantes,Anthony Lopes,POR,GK,33,1990,18,18,1563,17.4,0,0,0,0,0,0,2,0,0.0,0.0,0.0,0.0,0.0
Ligue1,2425,Nantes,Bahereba Guirassy,FRA,MF,17,2006,19,2,348,3.9,2,0,2,2,0,0,0,0,0.52,0.0,0.52,0.52,0.52
Ligue1,2425,Nantes,Dehmaine Assoumani,FRA,FW,19,2005,12,0,98,1.1,0,0,0,0,0,0,0,0,0.0,0.0,0.0,0.0,0.0
Ligue1,2425,Nantes,Douglas,BRA,MF,27,1997,28,28,2307,25.6,4,2,6,4,0,0,8,0,0.16,0.08,0.23,0.16,0.23
Ligue1,2425,Nantes,Fabien Centonze,FRA,DF,28,1996,7,3,265,2.9,0,0,0,0,0,0,0,0,0.0,0.0,0.0,0.0,0.0
Ligue1,2425,Nantes,Florent Mollet,FRA,MF,32,1991,9,3,242,2.7,0,0,0,0,0,0,1,0,0.0,0.0,0.0,0.0,0.0
Ligue1,2425,Nantes,Francis Coquelin,FRA,MF,33,1991,6,3,224,2.5,1,1,2,1,0,0,1,0,0.4,0.4,0.8,0.4,0.8
Ligue1,2425,Nantes,Ignatius Ganago,CMR,MF,25,1999,11,1,241,2.7,0,0,0,0,0,0,1,0,0.0,0.0,0.0,0.0,0.0
Ligue1,2425,Nantes,Jean-Charles Castelletto,CMR,"DF,MF",29,1995,30,30,2620,29.1,0,0,0,0,0,0,5,1,0.0,0.0,0.0,0.0,0.0
Ligue1,2425,Nantes,Jean-Kevin Duverne,HAI,DF,27,1997,9,7,537,6.0,0,0,0,0,0,0,2,0,0.0,0.0,0.0,0.0,0.0
Ligue1,2425,Nantes,Jean-Philippe Gbamin,CIV,MF,28,1995,14,2,216,2.4,0,0,0,0,0,0,1,0,0.0,0.0,0.0,0.0,0.0
Ligue1,2425,Nantes,Johann Lepenant,FRA,MF,21,2002,29,23,2048,22.8,2,1,3,2,0,0,3,0,0.09,0.04,0.13,0.09,0.13
Ligue1,2425,Nantes,Kelvin Amian,FRA,DF,26,1998,30,23,2165,24.1,1,0,1,1,0,0,5,0,0.04,0.0,0.04,0.04,0.04
Ligue1,2425,Nantes,Louis Leroux,FRA,"MF,DF",18,2006,16,8,816,9.1,2,1,3,2,0,0,1,0,0.22,0.11,0.33,0.22,0.33
Ligue1,2425,Nantes,Marcus Coco,FRA,DF,28,1996,20,10,951,10.6,0,1,1,0,0,0,3,2,0.0,0.09,0.09,0.0,0.09
Ligue1,2425,Nantes,Matthis Abline,FRA,FW,21,2003,34,33,2768,30.8,9,2,11,8,1,1,3,0,0.29,0.07,0.36,0.26,0.33
Ligue1,2425,Nantes,Meschak Elia,COD,FW,26,1997,8,1,170,1.9,1,0,1,1,0,0,0,0,0.53,0.0,0.53,0.53,0.53
Ligue1,2425,Nantes,Moses Simon,NGA,"FW,MF",29,1995,32,31,2609,29.0,8,10,18,4,4,4,2,0,0.28,0.34,0.62,0.14,0.48
Ligue1,2425,Nantes,Mostafa Mohamed,EGY,FW,26,1997,30,11,1252,13.9,5,0,5,5,0,0,3,0,0.36,0.0,0.36,0.36,0.36
Ligue1,2425,Nantes,Nathan Zeze,FRA,DF,19,2005,18,17,1512,16.8,0,0,0,0,0,0,6,0,0.0,0.0,0.0,0.0,0.0
Ligue1,2425,Nantes,Nicolas Cozza,FRA,"DF,MF",25,1999,27,23,2051,22.8,1,0,1,1,0,0,3,1,0.04,0.0,0.04,0.04,0.04
Ligue1,2425,Nantes,Nicolas Pallois,FRA,DF,36,1987,26,23,2017,22.4,0,2,2,0,0,0,9,0,0.0,0.09,0.09,0.0,0.09
Ligue1,2425,Nantes,Patrik Carlgren,SWE,GK,32,1992,5,4,417,4.6,0,0,0,0,0,0,0,0,0.0,0.0,0.0,0.0,0.0
Ligue1,2425,Nantes,Pedro Chirivella,ESP,MF,27,1997,30,28,2348,26.1,0,2,2,0,0,0,6,0,0.0,0.08,0.08,0.0,0.08
Ligue1,2425,Nantes,Plamedi Nsingi,,FW,23,2000,1,0,16,0.2,0,0,0,0,0,0,0,0,0.0,0.0,0.0,0.0,0.0
Ligue1,2425,Nantes,Saidou Sow,GUI,DF,22,2002,9,9,799,8.9,1,0,1,1,0,0,1,0,0.11,0.0,0.11,0.11,0.11
Ligue1,2425,Nantes,Sorba Thomas,WAL,"MF,DF",24,1999,25,15,1321,14.7,1,3,4,1,0,0,3,0,0.07,0.2,0.27,0.07,0.27
Ligue1,2425,Nantes,Sékou Doucoure,FRA,DF,19,2005,2,0,12,0.1,0,0,0,0,0,0,0,0,0.0,0.0,0.0,0.0,0.0
Ligue1,2425,Nantes,Tino Kadewere,ZIM,MF,28,1996,12,6,512,5.7,1,2,3,1,0,0,1,0,0.18,0.35,0.53,0.18,0.53
Ligue1,2425,Nice,Ali Abdi,TUN,MF,30,1993,25,17,1393,15.5,5,2,7,5,0,0,2,0,0.32,0.13,0.45,0.32,0.45
Ligue1,2425,Nice,Amidou Doumbouya,FRA,MF,16,2007,2,0,46,0.5,0,0,0,0,0,0,0,0,0.0,0.0,0.0,0.0,0.0
Ligue1,2425,Nice,Antoine Mendy,SEN,"DF,MF",20,2004,18,8,825,9.2,0,0,0,0,0,0,2,0,0.0,0.0,0.0,0.0,0.0
Ligue1,2425,Nice,Badredine Bouanani,ALG,"MF,FW",19,2004,26,11,1099,12.2,3,3,6,2,1,1,2,0,0.25,0.25,0.49,0.16,0.41
Ligue1,2425,Nice,Baptiste Santamaria,FRA,MF,29,1995,13,11,927,10.3,0,0,0,0,0,0,1,0,0.0,0.0,0.0,0.0,0.0
Ligue1,2425,Nice,Bernard Nguene,CMR,FW,17,2006,1,0,13,0.1,0,0,0,0,0,0,0,0,0.0,0.0,0.0,0.0,0.0
Ligue1,2425,Nice,Bilal Brahimi,ALG,MF,24,2000,2,1,76,0.8,0,0,0,0,0,0,0,0,0.0,0.0,0.0,0.0,0.0
Ligue1,2425,Nice,Dante,BRA,DF,40,1983,25,21,1964,21.8,0,0,0,0,0,0,5,1,0.0,0.0,0.0,0.0,0.0
Ligue1,2425,Nice,Evann Guessand,CIV,"MF,FW",23,2001,33,30,2565,28.5,12,8,20,12,0,0,2,0,0.42,0.28,0.7,0.42,0.7
Ligue1,2425,Nice,Gaëtan Laborde,FRA,FW,30,1994,28,20,1829,20.3,11,4,15,7,4,4,1,0,0.54,0.2,0.74,0.34,0.54
Ligue1,2425,Nice,Hicham Boudaoui,ALG,MF,24,1999,29,27,2435,27.1,2,3,5,2,0,0,9,0,0.07,0.11,0.18,0.07,0.18
Ligue1,2425,Nice,Issiaga Camara,GUI,MF,19,2005,4,0,20,0.2,0,0,0,0,0,0,0,0,0.0,0.0,0.0,0.0,0.0
Ligue1,2425,Nice,Jeremie Boga,CIV,"MF,FW",27,1997,21,12,1054,11.7,1,2,3,1,0,0,0,0,0.09,0.17,0.26,0.09,0.26
Ligue1,2425,Nice,Jonathan Clauss,FRA,"MF,DF",31,1992,28,27,2303,25.6,3,8,11,3,0,0,7,0,0.12,0.31,0.43,0.12,0.43
Ligue1,2425,Nice,Jordan Lotomba,SUI,"DF,MF",25,1998,2,0,35,0.4,0,0,0,0,0,0,0,0,0.0,0.0,0.0,0.0,0.0
Ligue1,2425,Nice,Marcin Bułka,POL,GK,24,1999,34,34,3060,34.0,0,0,0,0,0,0,0,0,0.0,0.0,0.0,0.0,0.0
Ligue1,2425,Nice,Melvin Bard,FRA,"DF,MF",23,2000,24,22,1938,21.5,2,1,3,2,0,0,4,2,0.09,0.05,0.14,0.09,0.14
Ligue1,2425,Nice,Mohamed Abdelmoneim,EGY,DF,25,1999,12,10,855,9.5,0,0,0,0,0,0,2,0,0.0,0.0,0.0,0.0,0.0
Ligue1,2425,Nice,Mohamed Ali Cho,FRA,"FW,MF",20,2004,27,21,1621,18.0,3,4,7,3,0,0,2,0,0.17,0.22,0.39,0.17,0.39
Ligue1,2425,Nice,Morgan Sanson,FRA,MF,29,1994,6,3,235,2.6,3,0,3,3,0,0,0,0,1.15,0.0,1.15,1.15,1.15
Ligue1,2425,Nice,Moïse Bombito,CAN,DF,24,2000,27,25,2192,24.4,0,0,0,0,0,0,3,1,0.0,0.0,0.0,0.0,0.0
Ligue1,2425,Nice,Pablo Rosario,DOM,"MF,DF",27,1997,29,21,1775,19.7,3,1,4,2,1,1,6,1,0.15,0.05,0.2,0.1,0.15
Ligue1,2425,Nice,Rareş Ilie,ROU,MF,21,2003,2,0,13,0.1,0,0,0,0,0,0,0,0,0.0,0.0,0.0,0.0,0.0
Ligue1,2425,Nice,Sofiane Diop,MAR,"MF,FW",24,2000,28,8,1064,11.8,6,4,10,6,0,0,3,0,0.51,0.34,0.85,0.51,0.85
Ligue1,2425,Nice,Tanguy Ndombele,FRA,MF,27,1996,18,12,1131,12.6,1,2,3,1,0,0,2,0,0.08,0.16,0.24,0.08,0.24
Ligue1,2425,Nice,Terem Moffi,NGA,FW,25,1999,5,0,58,0.6,1,0,1,1,0,0,0,0,1.55,0.0,1.55,1.55,1.55
Ligue1,2425,Nice,Tom Louchet,FRA,"DF,MF",21,2003,22,7,775,8.6,1,0,1,1,0,0,1,0,0.12,0.0,0.12,0.12,0.12
Ligue1,2425,Nice,Victor Orakpo,NGA,FW,18,2006,4,0,36,0.4,0,0,0,0,0,0,0,0,0.0,0.0,0.0,0.0,0.0
Ligue1,2425,Nice,Yael Nandjou,FRA,DF,19,2005,3,2,154,1.7,0,0,0,0,0,0,0,0,0.0,0.0,0.0,0.0,0.0
Ligue1,2425,Nice,Youssouf Ndayishimiye,BDI,DF,25,1998,23,22,1932,21.5,3,0,3,3,0,0,5,0,0.14,0.0,0.14,0.14,0.14
Ligue1,2425,Nice,Youssoufa Moukoko,GER,FW,19,2004,11,2,204,2.3,2,1,3,2,0,0,0,0,0.88,0.44,1.32,0.88,1.32
Ligue1,2425,Paris Saint-Germain,Achraf Hakimi,MAR,DF,25,1998,25,24,2066,23.0,4,6,10,4,0,0,4,0,0.17,0.26,0.44,0.17,0.44
Ligue1,2425,Paris Saint-Germain,Arnau Tenas,ESP,GK,23,2001,1,1,90,1.0,0,1,1,0,0,0,0,0,0.0,1.0,1.0,0.0,1.0
Ligue1,2425,Paris Saint-Germain,Axel Tapé,FRA,DF,16,2007,2,2,180,2.0,0,0,0,0,0,0,1,0,0.0,0.0,0.0,0.0,0.0
Ligue1,2425,Paris Saint-Germain,Bradley Barcola,FRA,FW,21,2002,34,27,2181,24.2,14,10,24,14,0,0,2,0,0.58,0.41,0.99,0.58,0.99
Ligue1,2425,Paris Saint-Germain,Désiré Doué,FRA,"MF,FW",19,2005,31,18,1730,19.2,6,6,12,6,0,0,1,0,0.31,0.31,0.62,0.31,0.62
Ligue1,2425,Paris Saint-Germain,Fabián Ruiz Peña,ESP,MF,28,1996,30,21,1923,21.4,4,5,9,4,0,0,1,0,0.19,0.23,0.42,0.19,0.42
Ligue1,2425,Paris Saint-Germain,Gianluigi Donnarumma,ITA,GK,25,1999,24,24,2091,23.2,0,0,0,0,0,0,2,0,0.0,0.0,0.0,0.0,0.0
Ligue1,2425,Paris Saint-Germain,Gonçalo Ramos,POR,FW,23,2001,22,12,1066,11.8,10,3,13,8,2,3,1,0,0.84,0.25,1.1,0.68,0.93
Ligue1,2425,Paris Saint-Germain,Ibrahim Mbaye,SEN,FW,16,2008,9,4,340,3.8,1,1,2,1,0,0,0,0,0.26,0.26,0.53,0.26,0.53
Ligue1,2425,Paris Saint-Germain,João Neves,POR,"MF,DF",19,2004,29,22,1844,20.5,3,8,11,3,0,0,1,0,0.15,0.39,0.54,0.15,0.54
Ligue1,2425,Paris Saint-Germain,Khvicha Kvaratskhelia,GEO,FW,23,2001,14,11,916,10.2,4,3,7,4,0,0,0,0,0.39,0.29,0.69,0.39,0.69
Ligue1,2425,Paris Saint-Germain,Lee Kang-in,KOR,"FW,MF",23,2001,30,19,1663,18.5,6,6,12,6,0,0,1,0,0.32,0.32,0.65,0.32,0.65
Ligue1,2425,Paris Saint-Germain,Lucas Beraldo,BRA,DF,20,2003,25,22,2011,22.3,1,0,1,1,0,0,6,0,0.04,0.0,0.04,0.04,0.04
Ligue1,2425,Paris Saint-Germain,Lucas Hernández,FRA,DF,28,1996,16,10,877,9.7,0,0,0,0,0,0,2,0,0.0,0.0,0.0,0.0,0.0
Ligue1,2425,Paris Saint-Germain,Marco Asensio,ESP,"FW,MF",28,1996,12,8,618,6.9,2,4,6,2,0,0,0,0,0.29,0.58,0.87,0.29,0.87
Ligue1,2425,Paris Saint-Germain,Marquinhos,BRA,DF,30,1994,22,19,1725,19.2,2,0,2,2,0,0,3,0,0.1,0.0,0.1,0.1,0.1
Ligue1,2425,Paris Saint-Germain,Matvei Safonov,RUS,GK,25,1999,10,9,879,9.8,0,0,0,0,0,0,0,0,0.0,0.0,0.0,0.0,0.0
Ligue1,2425,Paris Saint-Germain,Milan Škriniar,SVK,DF,29,1995,5,4,382,4.2,0,0,0,0,0,0,1,0,0.0,0.0,0.0,0.0,0.0
Ligue1,2425,Paris Saint-Germain,Noham Kamara,FRA,DF,17,2007,2,0,76,0.8,0,0,0,0,0,0,0,0,0.0,0.0,0.0,0.0,0.0
Ligue1,2425,Paris Saint-Germain,Nuno Mendes,POR,DF,22,2002,24,19,1676,18.6,1,3,4,1,0,0,3,0,0.05,0.16,0.21,0.05,0.21
Ligue1,2425,Paris Saint-Germain,Ousmane Dembélé,FRA,FW,27,1997,29,20,1730,19.2,21,6,27,20,1,1,1,0,1.09,0.31,1.4,1.04,1.35
Ligue1,2425,Paris Saint-Germain,Presnel Kimpembe,FRA,DF,28,1995,2,0,23,0.3,0,0,0,0,0,0,0,0,0.0,0.0,0.0,0.0,0.0
Ligue1,2425,Paris Saint-Germain,Randal Kolo Muani,FRA,FW,25,1998,10,2,358,4.0,2,1,3,1,1,1,0,0,0.5,0.25,0.75,0.25,0.5
Ligue1,2425,Paris Saint-Germain,Senny Mayulu,FRA,MF,18,2006,20,8,808,9.0,2,2,4,2,0,0,1,0,0.22,0.22,0.45,0.22,0.45
Ligue1,2425,Paris Saint-Germain,Vitinha,POR,MF,24,2000,29,20,2042,22.7,5,1,6,3,2,2,1,0,0.22,0.04,0.26,0.13,0.18
Ligue1,2425,Paris Saint-Germain,Warren Zaïre-Emery,FRA,"MF,DF",18,2006,29,23,2050,22.8,1,2,3,1,0,0,3,0,0.04,0.09,0.13,0.04,0.13
Ligue1,2425,Paris Saint-Germain,Willian Pacho,ECU,DF,22,2001,28,23,2132,23.7,0,1,1,0,0,0,2,0,0.0,0.04,0.04,0.0,0.04
Ligue1,2425,Paris Saint-Germain,Yoram Zague,FRA,DF,18,2006,4,2,183,2.0,0,0,0,0,0,0,0,0,0.0,0.0,0.0,0.0,0.0
Ligue1,2425,Reims,Abdoul Koné,FRA,DF,19,2005,4,1,133,1.5,0,0,0,0,0,0,0,0,0.0,0.0,0.0,0.0,0.0
Ligue1,2425,Reims,Amadou Koné,MLI,MF,19,2005,24,17,1293,14.4,0,0,0,0,0,0,3,1,0.0,0.0,0.0,0.0,0.0
Ligue1,2425,Reims,Amine Salama,FRA,FW,24,2000,17,2,373,4.1,0,0,0,0,0,0,0,0,0.0,0.0,0.0,0.0,0.0
Ligue1,2425,Reims,Ange Martial Tia,MLI,MF,17,2006,6,2,171,1.9,0,0,0,0,0,0,0,0,0.0,0.0,0.0,0.0,0.0
Ligue1,2425,Reims,Aurélio Buta,POR,DF,27,1997,27,24,1970,21.9,0,1,1,0,0,0,5,0,0.0,0.05,0.05,0.0,0.05
Ligue1,2425,Reims,Cédric Kipré,CIV,DF,27,1996,28,26,2190,24.3,0,1,1,0,0,0,4,2,0.0,0.04,0.04,0.0,0.04
Ligue1,2425,Reims,Eloge Zabi,CIV,MF,17,2006,2,0,18,0.2,0,0,0,0,0,0,0,1,0.0,0.0,0.0,0.0,0.0
Ligue1,2425,Reims,Emmanuel Agbadou,CIV,DF,27,1997,14,14,1260,14.0,0,0,0,0,0,0,3,0,0.0,0.0,0.0,0.0,0.0
Ligue1,2425,Reims,Gabriel Moscardo,BRA,MF,18,2005,6,0,84,0.9,0,0,0,0,0,0,1,0,0.0,0.0,0.0,0.0,0.0
Ligue1,2425,Reims,Hafiz Ibrahim,NGA,FW,18,2005,11,2,391,4.3,0,1,1,0,0,0,2,1,0.0,0.23,0.23,0.0,0.23
Ligue1,2425,Reims,Hiroki Sekine,JPN,DF,21,2002,15,9,887,9.9,0,0,0,0,0,0,1,0,0.0,0.0,0.0,0.0,0.0
Ligue1,2425,Reims,Ike Orazi,IRL,FW,17,2007,1,0,3,0.0,0,0,0,0,0,0,0,0,0.0,0.0,0.0,0.0,0.0
Ligue1,2425,Reims,John Joe,IRL,MF,20,2003,13,5,545,6.1,0,0,0,0,0,0,0,0,0.0,0.0,0.0,0.0,0.0
Ligue1,2425,Reims,Jordan Pefok,USA,FW,28,1996,7,6,380,4.2,1,0,1,1,0,0,0,0,0.24,0.0,0.24,0.24,0.24
Ligue1,2425,Reims,Joseph Okumu,KEN,DF,27,1997,22,20,1695,18.8,1,0,1,1,0,0,5,1,0.05,0.0,0.05,0.05,0.05
Ligue1,2425,Reims,Junya Ito,JPN,"MF,FW",31,1993,33,31,2690,29.9,4,3,7,4,0,0,1,0,0.13,0.1,0.23,0.13,0.23
Ligue1,2425,Reims,Keito Nakamura,JPN,"MF,FW",24,2000,32,31,2649,29.4,11,2,13,11,0,0,5,0,0.37,0.07,0.44,0.37,0.44
Ligue1,2425,Reims,Malcolm Jeng,SWE,DF,19,2005,3,2,107,1.2,0,0,0,0,0,0,0,0,0.0,0.0,0.0,0.0,0.0
Ligue1,2425,Reims,Mamadou Diakhon,SEN,"MF,FW",18,2005,28,5,858,9.5,2,1,3,2,0,0,2,0,0.21,0.1,0.31,0.21,0.31
Ligue1,2425,Reims,Marshall Munetsi,ZIM,MF,28,1996,19,19,1692,18.8,4,2,6,4,0,0,5,0,0.21,0.11,0.32,0.21,0.32
Ligue1,2425,Reims,Martin Adeline,FRA,MF,20,2003,1,0,26,0.3,0,0,0,0,0,0,0,0,0.0,0.0,0.0,0.0,0.0
Ligue1,2425,Reims,Mohamed Bamba,CIV,MF,19,2004,2,0,10,0.1,0,0,0,0,0,0,0,0,0.0,0.0,0.0,0.0,0.0
Ligue1,2425,Reims,Mohamed Daramy,DEN,"FW,MF",22,2002,2,0,16,0.2,0,0,0,0,0,0,0,0,0.0,0.0,0.0,0.0,0.0
Ligue1,2425,Reims,Mory Gbane,CIV,"DF,MF",23,2000,13,13,1125,12.5,0,1,1,0,0,0,2,0,0.0,0.08,0.08,0.0,0.08
Ligue1,2425,Reims,Nhoa Sangui,FRA,"DF,MF",18,2006,26,10,1158,12.9,0,2,2,0,0,0,3,0,0.0,0.16,0.16,0.0,0.16
Ligue1,2425,Reims,Niama Sissoko,MLI,FW,18,2005,4,0,47,0.5,0,0,0,0,0,0,0,0,0.0,0.0,0.0,0.0,0.0
Ligue1,2425,Reims,Oumar Diakité,CIV,FW,20,2003,26,20,1628,18.1,4,1,5,4,0,1,6,0,0.22,0.06,0.28,0.22,0.28
Ligue1,2425,Reims,Reda Khadra,GER,"FW,MF",23,2001,4,0,78,0.9,0,0,0,0,0,0,0,0,0.0,0.0,0.0,0.0,0.0
Ligue1,2425,Reims,Sergio Akieme,ESP,DF,26,1997,30,29,2523,28.0,2,3,5,2,0,0,5,0,0.07,0.11,0.18,0.07,0.18
Ligue1,2425,Reims,Teddy Teuma,MLT,MF,30,1993,17,9,750,8.3,1,0,1,0,1,1,1,0,0.12,0.0,0.12,0.0,0.0
Ligue1,2425,Reims,Thibault De Smet,BEL,DF,26,1998,5,2,192,2.1,0,0,0,0,0,0,0,0,0.0,0.0,0.0,0.0,0.0
Ligue1,2425,Reims,Valentin Atangana Edoa,FRA,MF,18,2005,34,33,2854,31.7,1,0,1,1,0,0,7,0,0.03,0.0,0.03,0.03,0.03
Ligue1,2425,Reims,Yaya Kader Fofana,MLI,"MF,FW",20,2004,12,8,634,7.0,1,1,2,1,0,0,4,0,0.14,0.14,0.28,0.14,0.28
Ligue1,2425,Reims,Yehvann Diouf,SEN,GK,24,1999,34,34,3060,34.0,0,0,0,0,0,0,1,0,0.0,0.0,0.0,0.0,0.0
Ligue1,2425,Rennes,Adrien Truffert,FRA,"MF,DF",22,2001,33,31,2752,30.6,2,2,4,2,0,0,3,0,0.07,0.07,0.13,0.07,0.13
Ligue1,2425,Rennes,Albert Grønbaek,DEN,"MF,FW",23,2001,16,9,813,9.0,2,1,3,2,0,0,1,0,0.22,0.11,0.33,0.22,0.33
Ligue1,2425,Rennes,Alidu Seidu,GHA,DF,24,2000,11,10,803,8.9,0,0,0,0,0,0,4,0,0.0,0.0,0.0,0.0,0.0
Ligue1,2425,Rennes,Amine Gouiri,ALG,"MF,FW",24,2000,19,11,1037,11.5,3,2,5,3,0,0,2,0,0.26,0.17,0.43,0.26,0.43
Ligue1,2425,Rennes,Andrés Gómez,COL,MF,21,2002,17,2,381,4.2,3,0,3,3,0,0,1,0,0.71,0.0,0.71,0.71,0.71
Ligue1,2425,Rennes,Anthony Rouault,FRA,DF,23,2001,11,11,972,10.8,0,0,0,0,0,0,3,0,0.0,0.0,0.0,0.0,0.0
Ligue1,2425,Rennes,Arnaud Kalimuendo,FRA,FW,22,2002,33,31,2578,28.6,17,3,20,12,5,8,2,0,0.59,0.1,0.7,0.42,0.52
Ligue1,2425,Rennes,Ayanda Sishuba,BEL,MF,19,2005,1,0,3,0.0,0,0,0,0,0,0,0,0,0.0,0.0,0.0,0.0,0.0
Ligue1,2425,Rennes,Azor Matusiwa,NED,MF,26,1998,29,23,2078,23.1,1,3,4,1,0,0,3,0,0.04,0.13,0.17,0.04,0.17
Ligue1,2425,Rennes,Baptiste Santamaria,FRA,MF,29,1995,10,5,482,5.4,0,1,1,0,0,0,1,0,0.0,0.19,0.19,0.0,0.19
Ligue1,2425,Rennes,Benjamin Bourigeaud,FRA,MF,30,1994,1,1,80,0.9,1,0,1,1,0,0,0,0,1.13,0.0,1.13,1.13,1.13
Ligue1,2425,Rennes,Brice Samba,FRA,GK,30,1994,17,17,1529,17.0,0,0,0,0,0,0,3,0,0.0,0.0,0.0,0.0,0.0
Ligue1,2425,Rennes,Christopher Wooh,CMR,DF,22,2001,20,17,1456,16.2,0,0,0,0,0,0,6,1,0.0,0.0,0.0,0.0,0.0
Ligue1,2425,Rennes,Djaoui Cissé,FRA,MF,20,2004,14,14,1121,12.5,1,0,1,1,0,0,4,0,0.08,0.0,0.08,0.08,0.08
Ligue1,2425,Rennes,Gauthier Gallon,FRA,GK,31,1993,1,0,45,0.5,0,0,0,0,0,0,0,0,0.0,0.0,0.0,0.0,0.0
Ligue1,2425,Rennes,Glen Kamara,FIN,MF,28,1995,13,8,662,7.4,0,1,1,0,0,0,0,0,0.0,0.14,0.14,0.0,0.14
Ligue1,2425,Rennes,Hans Hateboer,NED,"DF,MF",30,1994,26,18,1684,18.7,0,0,0,0,0,0,3,0,0.0,0.0,0.0,0.0,0.0
Ligue1,2425,Rennes,Henrik Meister,DEN,FW,20,2003,4,0,63,0.7,1,0,1,1,0,0,0,0,1.43,0.0,1.43,1.43,1.43
Ligue1,2425,Rennes,Ismaël Koné,CAN,MF,22,2002,13,4,469,5.2,2,1,3,2,0,0,1,0,0.38,0.19,0.58,0.38,0.58
Ligue1,2425,Rennes,Jordan James,WAL,MF,20,2004,23,14,1178,13.1,0,1,1,0,0,0,4,0,0.0,0.08,0.08,0.0,0.08
Ligue1,2425,Rennes,Jota,POR,MF,25,1999,9,3,334,3.7,1,0,1,1,0,0,0,0,0.27,0.0,0.27,0.27,0.27
Ligue1,2425,Rennes,Jérémy Jacquet,FRA,DF,19,2005,11,11,927,10.3,0,1,1,0,0,0,0,0,0.0,0.1,0.1,0.0,0.1
Ligue1,2425,Rennes,Kader Meïté,FRA,FW,16,2007,12,5,544,6.0,2,0,2,2,0,0,0,0,0.33,0.0,0.33,0.33,0.33
Ligue1,2425,Rennes,Kazeem Olaigbe,BEL,"MF,FW",21,2003,10,3,299,3.3,0,2,2,0,0,0,0,0,0.0,0.6,0.6,0.0,0.6
Ligue1,2425,Rennes,Kyogo Furuhashi,JPN,FW,29,1995,6,1,123,1.4,0,0,0,0,0,0,0,0,0.0,0.0,0.0,0.0,0.0
Ligue1,2425,Rennes,Leo Skiri Østigård,NOR,DF,24,1999,16,14,1227,13.6,1,0,1,1,0,0,4,0,0.07,0.0,0.07,0.07,0.07
Ligue1,2425,Rennes,Lilian Brassier,FRA,DF,24,1999,14,14,1234,13.7,1,1,2,1,0,0,1,0,0.07,0.07,0.15,0.07,0.15
Ligue1,2425,Rennes,Lorenz Assignon,TOG,"MF,DF",24,2000,32,27,2357,26.2,3,4,7,3,0,0,9,0,0.11,0.15,0.27,0.11,0.27
Ligue1,2425,Rennes,Ludovic Blas,FRA,"MF,FW",26,1997,29,26,2293,25.5,6,8,14,6,0,0,6,0,0.24,0.31,0.55,0.24,0.55
Ligue1,2425,Rennes,Mahamadou Nagida,CMR,MF,19,2005,12,4,430,4.8,2,0,2,2,0,0,1,0,0.42,0.0,0.42,0.42,0.42
Ligue1,2425,Rennes,Mikayil Ngor Faye,SEN,DF,20,2004,11,7,688,7.6,0,0,0,0,0,0,1,1,0.0,0.0,0.0,0.0,0.0
Ligue1,2425,Rennes,Musa Al-Taamari,JOR,"FW,MF",27,1997,11,7,567,6.3,1,0,1,1,0,0,1,0,0.16,0.0,0.16,0.16,0.16
Ligue1,2425,Rennes,Naouirou Ahamada,FRA,MF,22,2002,3,0,58,0.6,0,0,0,0,0,0,0,0,0.0,0.0,0.0,0.0,0.0
Ligue1,2425,Rennes,Seko Fofana,CIV,MF,29,1995,16,9,844,9.4,1,1,2,1,0,0,3,0,0.11,0.11,0.21,0.11,0.21
Ligue1,2425,Rennes,Steve Mandanda,FRA,GK,39,1985,18,17,1486,16.5,0,0,0,0,0,0,0,0,0.0,0.0,0.0,0.0,0.0
Ligue1,2425,Saint-Étienne,Aimen Moueffek,FRA,MF,23,2001,22,13,1039,11.5,0,1,1,0,0,0,2,0,0.0,0.09,0.09,0.0,0.09
Ligue1,2425,Saint-Étienne,Anthony Briançon,FRA,"DF,MF",29,1994,1,0,1,0.0,0,0,0,0,0,0,0,0,0.0,0.0,0.0,0.0,0.0
Ligue1,2425,Saint-Étienne,Augustine Boakye,GHA,"MF,FW",23,2000,17,8,733,8.1,3,0,3,3,0,0,5,0,0.37,0.0,0.37,0.37,0.37
Ligue1,2425,Saint-Étienne,Ayman Aiki,FRA,MF,19,2005,5,1,127,1.4,0,0,0,0,0,0,0,0,0.0,0.0,0.0,0.0,0.0
Ligue1,2425,Saint-Étienne,Ben Old,NZL,"MF,FW",21,2002,13,4,528,5.9,0,0,0,0,0,0,0,0,0.0,0.0,0.0,0.0,0.0
Ligue1,2425,Saint-Étienne,Benjamin Bouchouari,MAR,MF,22,2001,25,20,1772,19.7,1,0,1,1,0,0,6,0,0.05,0.0,0.05,0.05,0.05
Ligue1,2425,Saint-Étienne,Beres Owusu,FRA,DF,20,2003,1,1,90,1.0,0,0,0,0,0,0,0,0,0.0,0.0,0.0,0.0,0.0
Ligue1,2425,Saint-Étienne,Dennis Appiah,FRA,DF,32,1992,29,22,2128,23.6,0,1,1,0,0,0,2,0,0.0,0.04,0.04,0.0,0.04
Ligue1,2425,Saint-Étienne,Djylian N'Guessan,FRA,FW,15,2008,8,3,181,2.0,0,0,0,0,0,0,0,0,0.0,0.0,0.0,0.0,0.0
Ligue1,2425,Saint-Étienne,Dylan Batubinsika,COD,DF,28,1996,25,22,2016,22.4,1,0,1,1,0,0,3,1,0.04,0.0,0.04,0.04,0.04
Ligue1,2425,Saint-Étienne,Florian Tardieu,FRA,MF,32,1992,24,13,1252,13.9,2,4,6,2,0,0,0,0,0.14,0.29,0.43,0.14,0.43
Ligue1,2425,Saint-Étienne,Gautier Larsonneur,FRA,GK,27,1997,34,34,3060,34.0,0,0,0,0,0,0,5,0,0.0,0.0,0.0,0.0,0.0
Ligue1,2425,Saint-Étienne,Ibrahim Sissoko,MLI,FW,28,1995,20,8,819,9.1,3,1,4,2,1,1,1,0,0.33,0.11,0.44,0.22,0.33
Ligue1,2425,Saint-Étienne,Ibrahima Wadji,SEN,FW,29,1995,10,2,347,3.9,0,0,0,0,0,0,1,0,0.0,0.0,0.0,0.0,0.0
Ligue1,2425,Saint-Étienne,Igor Miladinović,SRB,MF,21,2003,3,0,26,0.3,0,0,0,0,0,0,0,0,0.0,0.0,0.0,0.0,0.0
Ligue1,2425,Saint-Étienne,Irvin Cardona,MLT,"FW,MF",26,1997,15,13,1063,11.8,5,3,8,5,0,1,2,0,0.42,0.25,0.68,0.42,0.68
Ligue1,2425,Saint-Étienne,Jibril Othman,TUN,FW,20,2004,1,0,5,0.1,0,0,0,0,0,0,0,0,0.0,0.0,0.0,0.0,0.0
Ligue1,2425,Saint-Étienne,Kévin Pedro,FRA,DF,18,2006,1,0,10,0.1,0,0,0,0,0,0,0,0,0.0,0.0,0.0,0.0,0.0
Ligue1,2425,Saint-Étienne,Lamine Fomba,FRA,MF,26,1998,7,3,217,2.4,0,0,0,0,0,0,2,0,0.0,0.0,0.0,0.0,0.0
Ligue1,2425,Saint-Étienne,Louis Mouton,FRA,MF,22,2002,24,12,1045,11.6,0,1,1,0,0,0,2,0,0.0,0.09,0.09,0.0,0.09
Ligue1,2425,Saint-Étienne,Lucas Stassin,BEL,FW,19,2004,28,23,1887,21.0,12,4,16,12,0,0,4,0,0.57,0.19,0.76,0.57,0.76
Ligue1,2425,Saint-Étienne,Léo Pétrot,FRA,DF,27,1997,31,29,2634,29.3,0,3,3,0,0,0,4,0,0.0,0.1,0.1,0.0,0.1
Ligue1,2425,Saint-Étienne,Marwann Nzuzi,FRA,DF,20,2004,2,2,125,1.4,0,0,0,0,0,0,2,0,0.0,0.0,0.0,0.0,0.0
Ligue1,2425,Saint-Étienne,Mathieu Cafaro,FRA,"MF,FW",27,1997,15,9,732,8.1,1,0,1,1,0,0,3,1,0.12,0.0,0.12,0.12,0.12
Ligue1,2425,Saint-Étienne,Mathis Amougou,FRA,MF,18,2006,17,9,859,9.5,0,0,0,0,0,0,2,0,0.0,0.0,0.0,0.0,0.0
Ligue1,2425,Saint-Étienne,Maxime Bernauer,FRA,DF,26,1998,11,9,763,8.5,0,0,0,0,0,0,4,1,0.0,0.0,0.0,0.0,0.0
Ligue1,2425,Saint-Étienne,Mickael Nade,FRA,DF,25,1999,26,25,2306,25.6,1,2,3,1,0,0,1,0,0.04,0.08,0.12,0.04,0.12
Ligue1,2425,Saint-Étienne,Pierre Cornud,FRA,"DF,MF",27,1996,11,7,576,6.4,0,0,0,0,0,0,2,0,0.0,0.0,0.0,0.0,0.0
Ligue1,2425,Saint-Étienne,Pierre Ekwah Elimby,FRA,MF,22,2002,29,29,2575,28.6,1,0,1,1,0,0,3,0,0.03,0.0,0.03,0.03,0.03
Ligue1,2425,Saint-Étienne,Yunis Abdelhamid,MAR,DF,36,1987,16,11,1033,11.5,0,0,0,0,0,0,2,0,0.0,0.0,0.0,0.0,0.0
Ligue1,2425,Saint-Étienne,Yvann Macon,FRA,DF,25,1998,12,10,790,8.8,0,0,0,0,0,0,4,0,0.0,0.0,0.0,0.0,0.0
Ligue1,2425,Saint-Étienne,Zuriko Davitashvili,GEO,"FW,MF",23,2001,33,32,2778,30.9,9,8,17,7,2,2,3,0,0.29,0.26,0.55,0.23,0.49
Ligue1,2425,Strasbourg,Abakar Sylla,CIV,DF,21,2002,21,10,950,10.6,1,0,1,1,0,0,2,1,0.09,0.0,0.09,0.09,0.09
Ligue1,2425,Strasbourg,Abdoul Ouattara,FRA,"MF,FW",18,2005,17,3,471,5.2,1,1,2,1,0,0,1,0,0.19,0.19,0.38,0.19,0.38
Ligue1,2425,Strasbourg,Andrew Omobamidele,IRL,DF,22,2002,10,6,539,6.0,0,0,0,0,0,0,5,1,0.0,0.0,0.0,0.0,0.0
Ligue1,2425,Strasbourg,Andrey Santos,BRA,MF,20,2004,32,32,2855,31.7,10,3,13,10,0,0,8,0,0.32,0.09,0.41,0.32,0.41
Ligue1,2425,Strasbourg,Caleb Wiley,USA,"MF,DF",19,2004,6,3,266,3.0,0,1,1,0,0,0,1,0,0.0,0.34,0.34,0.0,0.34
Ligue1,2425,Strasbourg,Diego Moreira,BEL,"MF,DF",19,2004,32,29,2568,28.5,2,7,9,2,0,0,4,1,0.07,0.25,0.32,0.07,0.32
Ligue1,2425,Strasbourg,Dilane Bakwa,FRA,MF,21,2002,30,29,2497,27.7,6,8,14,6,0,0,4,0,0.22,0.29,0.5,0.22,0.5
Ligue1,2425,Strasbourg,Eduard Sobol,UKR,"DF,MF",29,1995,10,0,95,1.1,0,0,0,0,0,0,2,0,0.0,0.0,0.0,0.0,0.0
Ligue1,2425,Strasbourg,Emanuel Emegha,NED,FW,21,2003,27,27,2293,25.5,14,3,17,14,0,0,5,0,0.55,0.12,0.67,0.55,0.67
Ligue1,2425,Strasbourg,Félix Lemaréchal,FRA,"MF,FW",20,2003,27,20,1779,19.8,4,3,7,4,0,0,2,0,0.2,0.15,0.35,0.2,0.35
Ligue1,2425,Strasbourg,Guela Doué,CIV,"DF,MF",21,2002,32,30,2717,30.2,1,2,3,1,0,0,7,0,0.03,0.07,0.1,0.03,0.1
Ligue1,2425,Strasbourg,Habib Diarra,SEN,"MF,FW",20,2004,30,27,2352,26.1,4,5,9,2,2,2,6,0,0.15,0.19,0.34,0.08,0.27
Ligue1,2425,Strasbourg,Ismaël Doukouré,FRA,"DF,MF",21,2003,31,31,2639,29.3,1,1,2,1,0,0,7,0,0.03,0.03,0.07,0.03,0.07
Ligue1,2425,Strasbourg,Junior Mwanga,FRA,MF,21,2003,8,2,296,3.3,0,0,0,0,0,0,0,0,0.0,0.0,0.0,0.0,0.0
Ligue1,2425,Strasbourg,Jérémy Sebas,MTQ,MF,21,2003,13,1,190,2.1,0,0,0,0,0,0,0,0,0.0,0.0,0.0,0.0,0.0
Ligue1,2425,Strasbourg,Karl-Johan Johnsson,SWE,GK,34,1990,3,3,270,3.0,0,0,0,0,0,0,0,0,0.0,0.0,0.0,0.0,0.0
Ligue1,2425,Strasbourg,Karol Fila,POL,DF,26,1998,1,0,5,0.1,0,0,0,0,0,0,1,0,0.0,0.0,0.0,0.0,0.0
Ligue1,2425,Strasbourg,Mamadou Sarr,SEN,DF,18,2005,27,27,2365,26.3,0,1,1,0,0,0,4,0,0.0,0.04,0.04,0.0,0.04
Ligue1,2425,Strasbourg,Marvin Senaya,GHA,DF,23,2001,10,1,227,2.5,0,0,0,0,0,0,3,0,0.0,0.0,0.0,0.0,0.0
Ligue1,2425,Strasbourg,Milos Lukovic,SRB,FW,18,2005,2,0,12,0.1,0,0,0,0,0,0,0,0,0.0,0.0,0.0,0.0,0.0
Ligue1,2425,Strasbourg,Nordine Kandil,FRA,MF,22,2001,1,0,10,0.1,0,0,0,0,0,0,0,0,0.0,0.0,0.0,0.0,0.0
Ligue1,2425,Strasbourg,Pape Daouda Diongue,SEN,MF,18,2006,9,1,78,0.9,1,0,1,1,0,0,0,0,1.15,0.0,1.15,1.15,1.15
Ligue1,2425,Strasbourg,Saidou Sow,GUI,DF,22,2002,12,11,1018,11.3,0,1,1,0,0,0,2,0,0.0,0.09,0.09,0.0,0.09
Ligue1,2425,Strasbourg,Samuel Amo-Ameyaw,ENG,MF,18,2006,9,3,320,3.6,2,0,2,2,0,0,0,0,0.56,0.0,0.56,0.56,0.56
Ligue1,2425,Strasbourg,Sebastian Nanasi,SWE,"MF,FW",22,2002,31,26,2107,23.4,6,4,10,6,0,0,1,0,0.26,0.17,0.43,0.26,0.43
Ligue1,2425,Strasbourg,Sekou Mara,FRA,"FW,MF",22,2002,25,7,768,8.5,1,1,2,1,0,0,2,0,0.12,0.12,0.23,0.12,0.23
Ligue1,2425,Strasbourg,Thomas Delaine,FRA,"DF,MF",32,1992,2,0,9,0.1,0,0,0,0,0,0,0,0,0.0,0.0,0.0,0.0,0.0
Ligue1,2425,Strasbourg,Valentín Barco,ARG,MF,20,2004,14,14,1157,12.9,0,2,2,0,0,0,2,0,0.0,0.16,0.16,0.0,0.16
Ligue1,2425,Strasbourg,Óscar Perea,COL,MF,18,2005,2,0,14,0.2,0,0,0,0,0,0,0,0,0.0,0.0,0.0,0.0,0.0
Ligue1,2425,Strasbourg,Đorđe Petrović,SRB,GK,24,1999,31,31,2790,31.0,0,0,0,0,0,0,2,0,0.0,0.0,0.0,0.0,0.0
Ligue1,2425,Toulouse,Aron Dønnum,NOR,MF,26,1998,32,31,2689,29.9,3,2,5,3,0,0,6,0,0.1,0.07,0.17,0.1,0.17
Ligue1,2425,Toulouse,Charlie Cresswell,ENG,DF,21,2002,31,29,2592,28.8,3,1,4,3,0,0,5,0,0.1,0.03,0.14,0.1,0.14
Ligue1,2425,Toulouse,Cristian Cásseres Jr.,VEN,MF,24,2000,32,31,2696,30.0,1,3,4,1,0,0,11,0,0.03,0.1,0.13,0.03,0.13
Ligue1,2425,Toulouse,Denis Genreau,AUS,MF,25,1999,8,2,222,2.5,0,0,0,0,0,0,0,0,0.0,0.0,0.0,0.0,0.0
Ligue1,2425,Toulouse,Djibril Sidibé,FRA,DF,32,1992,28,24,2101,23.3,0,3,3,0,0,0,1,0,0.0,0.13,0.13,0.0,0.13
Ligue1,2425,Toulouse,Edhy Zuliani,FRA,MF,19,2004,1,0,9,0.1,0,0,0,0,0,0,0,0,0.0,0.0,0.0,0.0,0.0
Ligue1,2425,Toulouse,Frank Magri,CMR,FW,24,1999,31,17,1516,16.8,5,1,6,5,0,0,5,1,0.3,0.06,0.36,0.3,0.36
Ligue1,2425,Toulouse,Gabriel Suazo,CHI,"MF,DF",26,1997,30,23,2163,24.0,0,6,6,0,0,0,0,0,0.0,0.25,0.25,0.0,0.25
Ligue1,2425,Toulouse,Guillaume Restes,FRA,GK,19,2005,29,29,2543,28.3,0,1,1,0,0,0,2,0,0.0,0.04,0.04,0.0,0.04
Ligue1,2425,Toulouse,Jaydee Canvot,FRA,"DF,MF",18,2006,18,12,1106,12.3,0,0,0,0,0,0,2,0,0.0,0.0,0.0,0.0,0.0
Ligue1,2425,Toulouse,Joshua King,NOR,"FW,MF",32,1992,28,21,1673,18.6,6,3,9,6,0,0,2,0,0.32,0.16,0.48,0.32,0.48
Ligue1,2425,Toulouse,Kjetil Haug,NOR,GK,26,1998,6,5,498,5.5,0,0,0,0,0,0,0,0,0.0,0.0,0.0,0.0,0.0
Ligue1,2425,Toulouse,Logan Costa,CPV,DF,23,2001,1,1,90,1.0,0,0,0,0,0,0,0,0,0.0,0.0,0.0,0.0,0.0
Ligue1,2425,Toulouse,Mark McKenzie,USA,DF,25,1999,30,29,2496,27.7,1,1,2,1,0,0,1,1,0.04,0.04,0.07,0.04,0.07
Ligue1,2425,Toulouse,Miha Zajc,SVN,MF,30,1994,19,1,262,2.9,0,0,0,0,0,0,2,0,0.0,0.0,0.0,0.0,0.0
Ligue1,2425,Toulouse,Naatan Skyttä,FIN,MF,22,2002,1,0,5,0.1,0,0,0,0,0,0,0,0,0.0,0.0,0.0,0.0,0.0
Ligue1,2425,Toulouse,Niklas Schmidt,GER,MF,26,1998,9,2,205,2.3,0,1,1,0,0,0,0,0,0.0,0.44,0.44,0.0,0.44
Ligue1,2425,Toulouse,Noah Edjouma,FRA,MF,18,2005,10,1,171,1.9,2,0,2,2,0,0,0,1,1.05,0.0,1.05,1.05,1.05
Ligue1,2425,Toulouse,Rafik Messali,FRA,MF,21,2003,13,5,456,5.1,0,1,1,0,0,0,0,0,0.0,0.2,0.2,0.0,0.2
Ligue1,2425,Toulouse,Rasmus Nicolaisen,DEN,DF,27,1997,7,7,623,6.9,0,1,1,0,0,0,0,0,0.0,0.14,0.14,0.0,0.14
Ligue1,2425,Toulouse,Shavy Babicka,GAB,MF,24,2000,30,11,1186,13.2,4,2,6,4,0,0,2,0,0.3,0.15,0.46,0.3,0.46
Ligue1,2425,Toulouse,Vincent Sierro,SUI,MF,28,1995,29,27,2402,26.7,5,1,6,3,2,2,4,0,0.19,0.04,0.22,0.11,0.15
Ligue1,2425,Toulouse,Warren Kamanzi,NOR,MF,23,2000,24,11,1022,11.4,1,1,2,1,0,0,3,0,0.09,0.09,0.18,0.09,0.18
Ligue1,2425,Toulouse,Yann Gboho,FRA,"MF,FW",23,2001,31,27,2333,25.9,5,4,9,5,0,0,2,0,0.19,0.15,0.35,0.19,0.35
Ligue1,2425,Toulouse,Zakaria Aboukhlal,MAR,"MF,FW",24,2000,26,22,1901,21.1,7,2,9,6,1,2,4,0,0.33,0.09,0.43,0.28,0.38
Ligue1,2425,Toulouse,Álex Domínguez,ESP,GK,26,1998,1,0,19,0.2,0,0,0,0,0,0,0,0,0.0,0.0,0.0,0.0,0.0
Ligue1,2425,Toulouse,Ümit Akdag,ROU,DF,20,2003,9,6,500,5.6,0,0,0,0,0,0,2,0,0.0,0.0,0.0,0.0,0.0
